model,state,observations,dwell_time,estimates,TRUE,mean,median,sd,bias_mean,bias_mean_pp,bias_median,bias_median_pp,coverage_pp
medhmm,3,200,1.4,dwell_mu_bar_1,1.44,9.97,9.97,0,8.56,593.14,8.56,593.15,0
medhmm,3,200,1.4,dwell_mu_bar_2,1.44,9.97,9.97,0,8.56,593.15,8.56,593.15,0
medhmm,3,200,1.4,dwell_mu_bar_3,1.44,9.97,9.97,0,8.56,593.14,8.56,593.14,0
medhmm,3,200,1.4,gamma_prob_bar_S1toS1,0,0,0,0,0,NA,0,NA,100
medhmm,3,200,1.4,gamma_prob_bar_S1toS2,0.5,0.58,0.58,0.11,0.08,15.86,0.08,16.44,100
medhmm,3,200,1.4,gamma_prob_bar_S1toS3,0.5,0.42,0.42,0.11,-0.08,15.86,-0.08,16.44,100
medhmm,3,200,1.4,gamma_prob_bar_S2toS1,0.5,0.5,0.5,0.11,0,0.13,0,0.06,100
medhmm,3,200,1.4,gamma_prob_bar_S2toS2,0,0,0,0,0,NA,0,NA,100
medhmm,3,200,1.4,gamma_prob_bar_S2toS3,0.5,0.5,0.5,0.11,0,0.13,0,0.06,100
medhmm,3,200,1.4,gamma_prob_bar_S3toS1,0.5,0.42,0.42,0.11,-0.08,15.37,-0.08,16.15,100
medhmm,3,200,1.4,gamma_prob_bar_S3toS2,0.5,0.58,0.58,0.11,0.08,15.37,0.08,16.15,100
medhmm,3,200,1.4,gamma_prob_bar_S3toS3,0,0,0,0,0,NA,0,NA,100
medhmm,3,200,3.5,dwell_mu_bar_1,3.48,4.39,4.39,0.05,0.93,26.78,0.93,26.72,0.78
medhmm,3,200,3.5,dwell_mu_bar_2,3.48,4.95,4.95,0.05,1.49,42.85,1.49,42.73,0
medhmm,3,200,3.5,dwell_mu_bar_3,3.48,4.39,4.39,0.05,0.92,26.54,0.92,26.47,0.78
medhmm,3,200,3.5,gamma_prob_bar_S1toS1,0,0,0,0,0,NA,0,NA,100
medhmm,3,200,3.5,gamma_prob_bar_S1toS2,0.5,0.52,0.52,0.04,0.02,3.38,0.02,3.56,86.72
medhmm,3,200,3.5,gamma_prob_bar_S1toS3,0.5,0.48,0.48,0.04,-0.02,3.38,-0.02,3.56,86.72
medhmm,3,200,3.5,gamma_prob_bar_S2toS1,0.5,0.48,0.48,0.05,-0.02,3.17,-0.02,3.15,85.94
medhmm,3,200,3.5,gamma_prob_bar_S2toS2,0,0,0,0,0,NA,0,NA,100
medhmm,3,200,3.5,gamma_prob_bar_S2toS3,0.5,0.52,0.52,0.05,0.02,3.17,0.02,3.15,85.94
medhmm,3,200,3.5,gamma_prob_bar_S3toS1,0.5,0.47,0.47,0.04,-0.03,6.17,-0.03,6.33,78.91
medhmm,3,200,3.5,gamma_prob_bar_S3toS2,0.5,0.53,0.53,0.04,0.03,6.17,0.03,6.33,78.91
medhmm,3,200,3.5,gamma_prob_bar_S3toS3,0,0,0,0,0,NA,0,NA,100
medhmm,3,200,19.5,dwell_mu_bar_1,19.5,19.3,19.3,0.05,-0.28,1.45,-0.29,1.47,99.22
medhmm,3,200,19.5,dwell_mu_bar_2,19.5,19.11,19.11,0.05,-0.4,2.07,-0.41,2.09,93.75
medhmm,3,200,19.5,dwell_mu_bar_3,19.5,18.92,18.92,0.05,-0.53,2.71,-0.53,2.72,92.19
medhmm,3,200,19.5,gamma_prob_bar_S1toS1,0,0,0,0,0,NA,0,NA,100
medhmm,3,200,19.5,gamma_prob_bar_S1toS2,0.5,0.5,0.5,0.04,0,0.96,0,0.94,96.88
medhmm,3,200,19.5,gamma_prob_bar_S1toS3,0.5,0.5,0.5,0.04,0,0.96,0,0.94,96.88
medhmm,3,200,19.5,gamma_prob_bar_S2toS1,0.5,0.5,0.5,0.04,0,0.92,0,0.92,95.31
medhmm,3,200,19.5,gamma_prob_bar_S2toS2,0,0,0,0,0,NA,0,NA,100
medhmm,3,200,19.5,gamma_prob_bar_S2toS3,0.5,0.5,0.5,0.04,0,0.92,0,0.92,95.31
medhmm,3,200,19.5,gamma_prob_bar_S3toS1,0.5,0.49,0.49,0.04,-0.01,1.2,-0.01,1.22,97.66
medhmm,3,200,19.5,gamma_prob_bar_S3toS2,0.5,0.51,0.51,0.04,0.01,1.2,0.01,1.22,97.66
medhmm,3,200,19.5,gamma_prob_bar_S3toS3,0,0,0,0,0,NA,0,NA,100
medhmm,3,200,99.5,dwell_mu_bar_1,99.5,82.27,83.1,0.1,-17.21,17.3,-16.37,16.46,30.71
medhmm,3,200,99.5,dwell_mu_bar_2,99.5,76.71,79.84,0.18,-23,23.11,-19.43,19.53,28.35
medhmm,3,200,99.5,dwell_mu_bar_3,99.5,83.1,83.93,0.1,-16.51,16.59,-15.8,15.88,37.8
medhmm,3,200,99.5,gamma_prob_bar_S1toS1,0,0,0,0,0,NA,0,NA,100
medhmm,3,200,99.5,gamma_prob_bar_S1toS2,0.5,0.52,0.52,0.09,0.02,4.08,0.02,4.23,92.91
medhmm,3,200,99.5,gamma_prob_bar_S1toS3,0.5,0.48,0.48,0.09,-0.02,4.08,-0.02,4.23,92.91
medhmm,3,200,99.5,gamma_prob_bar_S2toS1,0.5,0.5,0.51,0.1,0,1,0.01,1.01,96.85
medhmm,3,200,99.5,gamma_prob_bar_S2toS2,0,0,0,0,0,NA,0,NA,100
medhmm,3,200,99.5,gamma_prob_bar_S2toS3,0.5,0.5,0.49,0.1,0,1,-0.01,1.01,96.85
medhmm,3,200,99.5,gamma_prob_bar_S3toS1,0.5,0.48,0.48,0.1,-0.02,3.24,-0.02,3.12,93.7
medhmm,3,200,99.5,gamma_prob_bar_S3toS2,0.5,0.52,0.52,0.1,0.02,3.24,0.02,3.12,93.7
medhmm,3,200,99.5,gamma_prob_bar_S3toS3,0,0,0,0,0,NA,0,NA,100
medhmm,3,500,1.4,dwell_mu_bar_1,1.44,13.46,13.46,0.18,12.03,834.15,11.97,829.72,0
medhmm,3,500,1.4,dwell_mu_bar_2,1.44,17.81,17.81,0.18,16.35,1133.36,16.31,1130.57,0
medhmm,3,500,1.4,dwell_mu_bar_3,1.44,13.6,13.6,0.18,12.21,846.3,12.15,842.36,0
medhmm,3,500,1.4,gamma_prob_bar_S1toS1,0,0,0,0,0,NA,0,NA,100
medhmm,3,500,1.4,gamma_prob_bar_S1toS2,0.5,0.47,0.48,0.14,-0.03,5.1,-0.02,4.83,80.47
medhmm,3,500,1.4,gamma_prob_bar_S1toS3,0.5,0.53,0.52,0.14,0.03,5.1,0.02,4.83,80.47
medhmm,3,500,1.4,gamma_prob_bar_S2toS1,0.5,0.5,0.5,0.14,0,0.05,0,0.06,96.88
medhmm,3,500,1.4,gamma_prob_bar_S2toS2,0,0,0,0,0,NA,0,NA,100
medhmm,3,500,1.4,gamma_prob_bar_S2toS3,0.5,0.5,0.5,0.14,0,0.05,0,0.06,96.88
medhmm,3,500,1.4,gamma_prob_bar_S3toS1,0.5,0.53,0.52,0.14,0.03,5.08,0.02,4.95,82.81
medhmm,3,500,1.4,gamma_prob_bar_S3toS2,0.5,0.47,0.48,0.14,-0.03,5.08,-0.02,4.95,82.81
medhmm,3,500,1.4,gamma_prob_bar_S3toS3,0,0,0,0,0,NA,0,NA,100
medhmm,3,500,3.5,dwell_mu_bar_1,3.48,4.53,4.53,0.05,1.05,30.24,1.05,30.19,0
medhmm,3,500,3.5,dwell_mu_bar_2,3.48,4.95,4.95,0.05,1.49,42.88,1.48,42.68,0
medhmm,3,500,3.5,dwell_mu_bar_3,3.48,4.53,4.53,0.05,1.05,30.28,1.05,30.25,0
medhmm,3,500,3.5,gamma_prob_bar_S1toS1,0,0,0,0,0,NA,0,NA,100
medhmm,3,500,3.5,gamma_prob_bar_S1toS2,0.5,0.48,0.48,0.04,-0.02,3.53,-0.02,3.4,87.5
medhmm,3,500,3.5,gamma_prob_bar_S1toS3,0.5,0.52,0.52,0.04,0.02,3.53,0.02,3.4,87.5
medhmm,3,500,3.5,gamma_prob_bar_S2toS1,0.5,0.48,0.48,0.05,-0.02,4.14,-0.02,4.18,89.06
medhmm,3,500,3.5,gamma_prob_bar_S2toS2,0,0,0,0,0,NA,0,NA,100
medhmm,3,500,3.5,gamma_prob_bar_S2toS3,0.5,0.52,0.52,0.05,0.02,4.14,0.02,4.18,89.06
medhmm,3,500,3.5,gamma_prob_bar_S3toS1,0.5,0.49,0.49,0.04,-0.01,1.42,-0.01,1.6,82.81
medhmm,3,500,3.5,gamma_prob_bar_S3toS2,0.5,0.51,0.51,0.04,0.01,1.42,0.01,1.6,82.81
medhmm,3,500,3.5,gamma_prob_bar_S3toS3,0,0,0,0,0,NA,0,NA,100
medhmm,3,500,19.5,dwell_mu_bar_1,19.5,19.49,19.49,0.05,-0.07,0.34,-0.07,0.35,91.41
medhmm,3,500,19.5,dwell_mu_bar_2,19.5,19.3,19.3,0.05,-0.17,0.86,-0.17,0.87,95.31
medhmm,3,500,19.5,dwell_mu_bar_3,19.5,19.3,19.3,0.05,-0.12,0.63,-0.12,0.63,94.53
medhmm,3,500,19.5,gamma_prob_bar_S1toS1,0,0,0,0,0,NA,0,NA,100
medhmm,3,500,19.5,gamma_prob_bar_S1toS2,0.5,0.5,0.5,0.03,0,0.85,0,0.86,96.88
medhmm,3,500,19.5,gamma_prob_bar_S1toS3,0.5,0.5,0.5,0.03,0,0.85,0,0.86,96.88
medhmm,3,500,19.5,gamma_prob_bar_S2toS1,0.5,0.5,0.5,0.03,0,0.04,0,0.04,98.44
medhmm,3,500,19.5,gamma_prob_bar_S2toS2,0,0,0,0,0,NA,0,NA,100
medhmm,3,500,19.5,gamma_prob_bar_S2toS3,0.5,0.5,0.5,0.03,0,0.04,0,0.04,98.44
medhmm,3,500,19.5,gamma_prob_bar_S3toS1,0.5,0.5,0.5,0.03,0,0.92,0,0.93,98.44
medhmm,3,500,19.5,gamma_prob_bar_S3toS2,0.5,0.5,0.5,0.03,0,0.92,0,0.93,98.44
medhmm,3,500,19.5,gamma_prob_bar_S3toS3,0,0,0,0,0,NA,0,NA,100
medhmm,3,500,99.5,dwell_mu_bar_1,99.5,96.54,96.54,0.06,-3.37,3.38,-3.39,3.41,89.06
medhmm,3,500,99.5,dwell_mu_bar_2,99.5,95.58,95.58,0.06,-3.78,3.8,-3.8,3.82,89.84
medhmm,3,500,99.5,dwell_mu_bar_3,99.5,95.58,95.58,0.06,-3.53,3.55,-3.55,3.57,91.41
medhmm,3,500,99.5,gamma_prob_bar_S1toS1,0,0,0,0,0,NA,0,NA,100
medhmm,3,500,99.5,gamma_prob_bar_S1toS2,0.5,0.5,0.5,0.06,0,0.45,0,0.39,96.88
medhmm,3,500,99.5,gamma_prob_bar_S1toS3,0.5,0.5,0.5,0.06,0,0.45,0,0.39,96.88
medhmm,3,500,99.5,gamma_prob_bar_S2toS1,0.5,0.5,0.5,0.06,0,0.24,0,0.24,93.75
medhmm,3,500,99.5,gamma_prob_bar_S2toS2,0,0,0,0,0,NA,0,NA,100
medhmm,3,500,99.5,gamma_prob_bar_S2toS3,0.5,0.5,0.5,0.06,0,0.24,0,0.24,93.75
medhmm,3,500,99.5,gamma_prob_bar_S3toS1,0.5,0.5,0.5,0.06,0,0.55,0,0.6,92.97
medhmm,3,500,99.5,gamma_prob_bar_S3toS2,0.5,0.5,0.5,0.06,0,0.55,0,0.6,92.97
medhmm,3,500,99.5,gamma_prob_bar_S3toS3,0,0,0,0,0,NA,0,NA,100
medhmm,3,1000,1.4,dwell_mu_bar_1,1.44,14.88,14.88,0.19,13.44,931.9,13.4,928.89,0
medhmm,3,1000,1.4,dwell_mu_bar_2,1.44,17.99,17.99,0.19,16.52,1145.16,16.48,1142.56,0
medhmm,3,1000,1.4,dwell_mu_bar_3,1.44,15.33,15.33,0.19,13.87,961.58,13.83,958.38,0
medhmm,3,1000,1.4,gamma_prob_bar_S1toS1,0,0,0,0,0,NA,0,NA,100
medhmm,3,1000,1.4,gamma_prob_bar_S1toS2,0.5,0.53,0.53,0.16,0.03,5.84,0.03,6.67,95.31
medhmm,3,1000,1.4,gamma_prob_bar_S1toS3,0.5,0.47,0.47,0.16,-0.03,5.84,-0.03,6.67,95.31
medhmm,3,1000,1.4,gamma_prob_bar_S2toS1,0.5,0.51,0.51,0.16,0.01,1.67,0.01,1.62,99.22
medhmm,3,1000,1.4,gamma_prob_bar_S2toS2,0,0,0,0,0,NA,0,NA,100
medhmm,3,1000,1.4,gamma_prob_bar_S2toS3,0.5,0.49,0.49,0.16,-0.01,1.67,-0.01,1.62,99.22
medhmm,3,1000,1.4,gamma_prob_bar_S3toS1,0.5,0.48,0.47,0.16,-0.02,4.28,-0.03,5.04,93.75
medhmm,3,1000,1.4,gamma_prob_bar_S3toS2,0.5,0.52,0.53,0.16,0.02,4.28,0.03,5.04,93.75
medhmm,3,1000,1.4,gamma_prob_bar_S3toS3,0,0,0,0,0,NA,0,NA,100
medhmm,3,1000,3.5,dwell_mu_bar_1,3.48,4.71,4.71,0.05,1.24,35.62,1.24,35.6,0
medhmm,3,1000,3.5,dwell_mu_bar_2,3.48,4.95,4.95,0.05,1.49,42.91,1.48,42.68,0
medhmm,3,1000,3.5,dwell_mu_bar_3,3.48,4.76,4.76,0.05,1.26,36.39,1.26,36.37,0
medhmm,3,1000,3.5,gamma_prob_bar_S1toS1,0,0,0,0,0,NA,0,NA,100
medhmm,3,1000,3.5,gamma_prob_bar_S1toS2,0.5,0.47,0.47,0.05,-0.03,6.74,-0.03,6.4,86.72
medhmm,3,1000,3.5,gamma_prob_bar_S1toS3,0.5,0.53,0.53,0.05,0.03,6.74,0.03,6.4,86.72
medhmm,3,1000,3.5,gamma_prob_bar_S2toS1,0.5,0.48,0.48,0.05,-0.02,3.63,-0.02,3.68,90.62
medhmm,3,1000,3.5,gamma_prob_bar_S2toS2,0,0,0,0,0,NA,0,NA,100
medhmm,3,1000,3.5,gamma_prob_bar_S2toS3,0.5,0.52,0.52,0.05,0.02,3.63,0.02,3.68,90.62
medhmm,3,1000,3.5,gamma_prob_bar_S3toS1,0.5,0.52,0.52,0.05,0.02,3.63,0.02,3.29,85.16
medhmm,3,1000,3.5,gamma_prob_bar_S3toS2,0.5,0.48,0.48,0.05,-0.02,3.63,-0.02,3.29,85.16
medhmm,3,1000,3.5,gamma_prob_bar_S3toS3,0,0,0,0,0,NA,0,NA,100
medhmm,3,1000,19.5,dwell_mu_bar_1,19.5,19.49,19.49,0.05,-0.02,0.1,-0.02,0.11,94.53
medhmm,3,1000,19.5,dwell_mu_bar_2,19.5,19.49,19.49,0.05,-0.09,0.45,-0.09,0.46,92.97
medhmm,3,1000,19.5,dwell_mu_bar_3,19.5,19.49,19.49,0.05,-0.01,0.06,-0.01,0.06,94.53
medhmm,3,1000,19.5,gamma_prob_bar_S1toS1,0,0,0,0,0,NA,0,NA,100
medhmm,3,1000,19.5,gamma_prob_bar_S1toS2,0.5,0.5,0.5,0.02,0,0.05,0,0.06,98.44
medhmm,3,1000,19.5,gamma_prob_bar_S1toS3,0.5,0.5,0.5,0.02,0,0.05,0,0.06,98.44
medhmm,3,1000,19.5,gamma_prob_bar_S2toS1,0.5,0.5,0.5,0.02,0,0.3,0,0.3,97.66
medhmm,3,1000,19.5,gamma_prob_bar_S2toS2,0,0,0,0,0,NA,0,NA,100
medhmm,3,1000,19.5,gamma_prob_bar_S2toS3,0.5,0.5,0.5,0.02,0,0.3,0,0.3,97.66
medhmm,3,1000,19.5,gamma_prob_bar_S3toS1,0.5,0.5,0.5,0.02,0,0.35,0,0.35,99.22
medhmm,3,1000,19.5,gamma_prob_bar_S3toS2,0.5,0.5,0.5,0.02,0,0.35,0,0.35,99.22
medhmm,3,1000,19.5,gamma_prob_bar_S3toS3,0,0,0,0,0,NA,0,NA,100
medhmm,3,1000,99.5,dwell_mu_bar_1,99.5,98.49,98.49,0.05,-0.86,0.86,-0.86,0.87,95.31
medhmm,3,1000,99.5,dwell_mu_bar_2,99.5,97.51,97.51,0.05,-1.62,1.62,-1.63,1.64,96.09
medhmm,3,1000,99.5,dwell_mu_bar_3,99.5,98.49,98.49,0.05,-0.7,0.7,-0.7,0.71,92.19
medhmm,3,1000,99.5,gamma_prob_bar_S1toS1,0,0,0,0,0,NA,0,NA,100
medhmm,3,1000,99.5,gamma_prob_bar_S1toS2,0.5,0.5,0.5,0.04,0,0.23,0,0.22,95.31
medhmm,3,1000,99.5,gamma_prob_bar_S1toS3,0.5,0.5,0.5,0.04,0,0.23,0,0.22,95.31
medhmm,3,1000,99.5,gamma_prob_bar_S2toS1,0.5,0.5,0.5,0.04,0,0.2,0,0.2,96.88
medhmm,3,1000,99.5,gamma_prob_bar_S2toS2,0,0,0,0,0,NA,0,NA,100
medhmm,3,1000,99.5,gamma_prob_bar_S2toS3,0.5,0.5,0.5,0.04,0,0.2,0,0.2,96.88
medhmm,3,1000,99.5,gamma_prob_bar_S3toS1,0.5,0.5,0.5,0.04,0,0.2,0,0.21,94.53
medhmm,3,1000,99.5,gamma_prob_bar_S3toS2,0.5,0.5,0.5,0.04,0,0.2,0,0.21,94.53
medhmm,3,1000,99.5,gamma_prob_bar_S3toS3,0,0,0,0,0,NA,0,NA,100
medhmm,4,200,1.4,dwell_mu_bar_1,1.44,4.76,4.76,0.05,3.3,228.75,3.29,228.32,0
medhmm,4,200,1.4,dwell_mu_bar_2,1.44,10.7,10.49,0.2,9.25,641.03,9.03,626.18,0
medhmm,4,200,1.4,dwell_mu_bar_3,1.44,10.49,10.28,0.2,9.09,630.04,8.84,612.87,0
medhmm,4,200,1.4,dwell_mu_bar_4,1.44,4.81,4.81,0.05,3.35,231.92,3.34,231.65,0
medhmm,4,200,1.4,gamma_prob_bar_S1toS1,0,0,0,0,0,NA,0,NA,100
medhmm,4,200,1.4,gamma_prob_bar_S1toS2,0.33,0.25,0.25,0.09,-0.08,24.18,-0.09,25.8,85.94
medhmm,4,200,1.4,gamma_prob_bar_S1toS3,0.33,0.25,0.24,0.09,-0.09,26.3,-0.09,28.1,83.59
medhmm,4,200,1.4,gamma_prob_bar_S1toS4,0.33,0.5,0.5,0.07,0.17,50.48,0.17,50.4,33.59
medhmm,4,200,1.4,gamma_prob_bar_S2toS1,0.33,0.47,0.47,0.09,0.14,42.12,0.14,41.95,72.66
medhmm,4,200,1.4,gamma_prob_bar_S2toS2,0,0,0,0,0,NA,0,NA,100
medhmm,4,200,1.4,gamma_prob_bar_S2toS3,0.33,0.03,0.02,0.02,-0.31,92.16,-0.31,93.94,0.78
medhmm,4,200,1.4,gamma_prob_bar_S2toS4,0.33,0.5,0.5,0.09,0.17,50.04,0.17,50.26,56.25
medhmm,4,200,1.4,gamma_prob_bar_S3toS1,0.33,0.48,0.48,0.09,0.15,43.84,0.14,43.48,60.16
medhmm,4,200,1.4,gamma_prob_bar_S3toS2,0.33,0.02,0.02,0.02,-0.31,92.85,-0.31,94.48,0.78
medhmm,4,200,1.4,gamma_prob_bar_S3toS3,0,0,0,0,0,NA,0,NA,100
medhmm,4,200,1.4,gamma_prob_bar_S3toS4,0.33,0.5,0.5,0.09,0.16,49.01,0.16,49.27,56.25
medhmm,4,200,1.4,gamma_prob_bar_S4toS1,0.33,0.5,0.5,0.07,0.17,49.72,0.17,49.53,39.84
medhmm,4,200,1.4,gamma_prob_bar_S4toS2,0.33,0.25,0.24,0.1,-0.09,25.66,-0.09,27.68,86.72
medhmm,4,200,1.4,gamma_prob_bar_S4toS3,0.33,0.25,0.25,0.1,-0.08,24.06,-0.08,25.37,85.16
medhmm,4,200,1.4,gamma_prob_bar_S4toS4,0,0,0,0,0,NA,0,NA,100
medhmm,4,200,3.5,dwell_mu_bar_1,3.48,3.9,3.9,0.04,0.4,11.58,0.4,11.59,24.22
medhmm,4,200,3.5,dwell_mu_bar_2,3.48,4.66,4.66,0.04,1.17,33.75,1.17,33.76,0
medhmm,4,200,3.5,dwell_mu_bar_3,3.48,4.57,4.57,0.04,1.1,31.77,1.1,31.75,0
medhmm,4,200,3.5,dwell_mu_bar_4,3.48,3.94,3.94,0.04,0.44,12.8,0.44,12.8,14.84
medhmm,4,200,3.5,gamma_prob_bar_S1toS1,0,0,0,0,0,NA,0,NA,100
medhmm,4,200,3.5,gamma_prob_bar_S1toS2,0.33,0.27,0.27,0.03,-0.06,18.05,-0.06,18.11,25.78
medhmm,4,200,3.5,gamma_prob_bar_S1toS3,0.33,0.42,0.42,0.03,0.08,25.33,0.08,25.22,23.44
medhmm,4,200,3.5,gamma_prob_bar_S1toS4,0.33,0.31,0.31,0.03,-0.02,7.28,-0.02,7.34,82.03
medhmm,4,200,3.5,gamma_prob_bar_S2toS1,0.33,0.29,0.29,0.03,-0.04,13.17,-0.04,13.22,57.03
medhmm,4,200,3.5,gamma_prob_bar_S2toS2,0,0,0,0,0,NA,0,NA,100
medhmm,4,200,3.5,gamma_prob_bar_S2toS3,0.33,0.35,0.35,0.03,0.01,4.33,0.01,4.26,75
medhmm,4,200,3.5,gamma_prob_bar_S2toS4,0.33,0.36,0.36,0.03,0.03,8.84,0.03,8.73,72.66
medhmm,4,200,3.5,gamma_prob_bar_S3toS1,0.33,0.4,0.39,0.03,0.06,18.55,0.06,18.48,41.41
medhmm,4,200,3.5,gamma_prob_bar_S3toS2,0.33,0.3,0.3,0.03,-0.03,8.96,-0.03,9.08,57.03
medhmm,4,200,3.5,gamma_prob_bar_S3toS3,0,0,0,0,0,NA,0,NA,100
medhmm,4,200,3.5,gamma_prob_bar_S3toS4,0.33,0.3,0.3,0.03,-0.03,9.59,-0.03,9.68,76.56
medhmm,4,200,3.5,gamma_prob_bar_S4toS1,0.33,0.32,0.32,0.02,-0.01,3.8,-0.01,3.88,92.97
medhmm,4,200,3.5,gamma_prob_bar_S4toS2,0.33,0.35,0.35,0.03,0.01,4.04,0.01,3.95,60.16
medhmm,4,200,3.5,gamma_prob_bar_S4toS3,0.33,0.33,0.33,0.03,0,0.24,0,0.32,60.16
medhmm,4,200,3.5,gamma_prob_bar_S4toS4,0,0,0,0,0,NA,0,NA,100
medhmm,4,200,19.5,dwell_mu_bar_1,19.5,19.3,19.3,0.06,-0.27,1.37,-0.27,1.41,96.09
medhmm,4,200,19.5,dwell_mu_bar_2,19.5,19.3,19.3,0.06,-0.26,1.32,-0.26,1.35,97.66
medhmm,4,200,19.5,dwell_mu_bar_3,19.5,18.92,18.92,0.06,-0.51,2.62,-0.51,2.63,95.31
medhmm,4,200,19.5,dwell_mu_bar_4,19.5,19.11,19.11,0.06,-0.42,2.14,-0.42,2.16,90.62
medhmm,4,200,19.5,gamma_prob_bar_S1toS1,0,0,0,0,0,NA,0,NA,100
medhmm,4,200,19.5,gamma_prob_bar_S1toS2,0.33,0.34,0.34,0.04,0.01,2.5,0.01,2.27,91.41
medhmm,4,200,19.5,gamma_prob_bar_S1toS3,0.33,0.33,0.33,0.05,0,0.12,0,0.39,97.66
medhmm,4,200,19.5,gamma_prob_bar_S1toS4,0.33,0.33,0.32,0.05,-0.01,2.37,-0.01,2.56,96.88
medhmm,4,200,19.5,gamma_prob_bar_S2toS1,0.33,0.35,0.35,0.04,0.02,5.28,0.02,5.07,92.19
medhmm,4,200,19.5,gamma_prob_bar_S2toS2,0,0,0,0,0,NA,0,NA,100
medhmm,4,200,19.5,gamma_prob_bar_S2toS3,0.33,0.32,0.32,0.04,-0.01,2.99,-0.01,3.23,94.53
medhmm,4,200,19.5,gamma_prob_bar_S2toS4,0.33,0.33,0.32,0.04,-0.01,2.29,-0.01,2.55,96.88
medhmm,4,200,19.5,gamma_prob_bar_S3toS1,0.33,0.33,0.33,0.04,0,0.18,0,0.01,96.09
medhmm,4,200,19.5,gamma_prob_bar_S3toS2,0.33,0.34,0.34,0.05,0.01,1.85,0.01,1.7,96.88
medhmm,4,200,19.5,gamma_prob_bar_S3toS3,0,0,0,0,0,NA,0,NA,100
medhmm,4,200,19.5,gamma_prob_bar_S3toS4,0.33,0.33,0.33,0.05,-0.01,2.03,-0.01,2.23,96.88
medhmm,4,200,19.5,gamma_prob_bar_S4toS1,0.33,0.35,0.35,0.04,0.01,4.35,0.01,4.1,96.88
medhmm,4,200,19.5,gamma_prob_bar_S4toS2,0.33,0.33,0.33,0.05,-0.01,1.94,-0.01,2.17,98.44
medhmm,4,200,19.5,gamma_prob_bar_S4toS3,0.33,0.33,0.32,0.05,-0.01,2.42,-0.01,2.64,96.88
medhmm,4,200,19.5,gamma_prob_bar_S4toS4,0,0,0,0,0,NA,0,NA,100
medhmm,4,200,99.5,dwell_mu_bar_1,99.5,81.45,82.27,0.11,-18.29,18.38,-17.57,17.66,40.8
medhmm,4,200,99.5,dwell_mu_bar_2,99.5,79.04,80.64,0.16,-20.65,20.75,-18.5,18.59,44
medhmm,4,200,99.5,dwell_mu_bar_3,99.5,79.84,82.27,0.16,-19.8,19.9,-17.54,17.63,48
medhmm,4,200,99.5,dwell_mu_bar_4,99.5,83.93,83.93,0.1,-15.97,16.05,-15.45,15.53,49.6
medhmm,4,200,99.5,gamma_prob_bar_S1toS1,0,0,0,0,0,NA,0,NA,100
medhmm,4,200,99.5,gamma_prob_bar_S1toS2,0.33,0.37,0.36,0.09,0.03,9.57,0.03,8.47,89.6
medhmm,4,200,99.5,gamma_prob_bar_S1toS3,0.33,0.33,0.32,0.1,-0.01,2.02,-0.01,3.54,99.2
medhmm,4,200,99.5,gamma_prob_bar_S1toS4,0.33,0.31,0.3,0.1,-0.03,7.55,-0.03,9.26,96.8
medhmm,4,200,99.5,gamma_prob_bar_S2toS1,0.33,0.37,0.36,0.09,0.03,10.15,0.03,8.52,92
medhmm,4,200,99.5,gamma_prob_bar_S2toS2,0,0,0,0,0,NA,0,NA,100
medhmm,4,200,99.5,gamma_prob_bar_S2toS3,0.33,0.33,0.32,0.1,0,1.4,-0.01,2.85,97.6
medhmm,4,200,99.5,gamma_prob_bar_S2toS4,0.33,0.3,0.3,0.1,-0.03,8.75,-0.03,10.3,92
medhmm,4,200,99.5,gamma_prob_bar_S3toS1,0.33,0.34,0.34,0.09,0.01,2.39,0.01,1.52,97.6
medhmm,4,200,99.5,gamma_prob_bar_S3toS2,0.33,0.32,0.32,0.1,-0.01,3.11,-0.02,5.14,94.4
medhmm,4,200,99.5,gamma_prob_bar_S3toS3,0,0,0,0,0,NA,0,NA,100
medhmm,4,200,99.5,gamma_prob_bar_S3toS4,0.33,0.34,0.33,0.1,0,0.72,0,0.78,94.4
medhmm,4,200,99.5,gamma_prob_bar_S4toS1,0.33,0.33,0.32,0.09,-0.01,2.05,-0.01,3.2,93.6
medhmm,4,200,99.5,gamma_prob_bar_S4toS2,0.33,0.33,0.33,0.1,0,0.44,0,1.26,96
medhmm,4,200,99.5,gamma_prob_bar_S4toS3,0.33,0.34,0.33,0.1,0.01,1.61,0,0.26,95.2
medhmm,4,200,99.5,gamma_prob_bar_S4toS4,0,0,0,0,0,NA,0,NA,100
medhmm,4,500,1.4,dwell_mu_bar_1,1.44,4.71,4.71,0.04,3.29,227.84,3.28,227.6,0
medhmm,4,500,1.4,dwell_mu_bar_2,1.44,10.18,10.07,0.14,8.72,604.37,8.64,598.85,0
medhmm,4,500,1.4,dwell_mu_bar_3,1.44,10.18,10.18,0.14,8.75,606.57,8.69,602.05,0
medhmm,4,500,1.4,dwell_mu_bar_4,1.44,4.76,4.76,0.04,3.3,228.85,3.3,228.67,0
medhmm,4,500,1.4,gamma_prob_bar_S1toS1,0,0,0,0,0,NA,0,NA,100
medhmm,4,500,1.4,gamma_prob_bar_S1toS2,0.33,0.23,0.22,0.08,-0.11,31.5,-0.11,33.13,71.88
medhmm,4,500,1.4,gamma_prob_bar_S1toS3,0.33,0.22,0.22,0.08,-0.11,32.86,-0.12,34.64,74.22
medhmm,4,500,1.4,gamma_prob_bar_S1toS4,0.33,0.55,0.55,0.06,0.21,64.36,0.21,64.43,14.84
medhmm,4,500,1.4,gamma_prob_bar_S2toS1,0.33,0.48,0.48,0.08,0.14,43.04,0.14,42.93,56.25
medhmm,4,500,1.4,gamma_prob_bar_S2toS2,0,0,0,0,0,NA,0,NA,100
medhmm,4,500,1.4,gamma_prob_bar_S2toS3,0.33,0,0,0,-0.33,99.09,-0.33,99.56,0
medhmm,4,500,1.4,gamma_prob_bar_S2toS4,0.33,0.52,0.52,0.08,0.19,56.04,0.19,56.15,28.91
medhmm,4,500,1.4,gamma_prob_bar_S3toS1,0.33,0.48,0.48,0.08,0.15,44.82,0.15,44.61,53.12
medhmm,4,500,1.4,gamma_prob_bar_S3toS2,0.33,0,0,0,-0.33,99.17,-0.33,99.51,0
medhmm,4,500,1.4,gamma_prob_bar_S3toS3,0,0,0,0,0,NA,0,NA,100
medhmm,4,500,1.4,gamma_prob_bar_S3toS4,0.33,0.51,0.52,0.08,0.18,54.35,0.18,54.53,32.03
medhmm,4,500,1.4,gamma_prob_bar_S4toS1,0.33,0.53,0.53,0.05,0.2,60.23,0.2,60.24,17.19
medhmm,4,500,1.4,gamma_prob_bar_S4toS2,0.33,0.24,0.23,0.08,-0.1,29.5,-0.1,31.2,71.88
medhmm,4,500,1.4,gamma_prob_bar_S4toS3,0.33,0.23,0.22,0.08,-0.1,30.73,-0.11,32.58,75.78
medhmm,4,500,1.4,gamma_prob_bar_S4toS4,0,0,0,0,0,NA,0,NA,100
medhmm,4,500,3.5,dwell_mu_bar_1,3.48,3.97,3.97,0.04,0.48,13.87,0.48,13.89,16.41
medhmm,4,500,3.5,dwell_mu_bar_2,3.48,4.76,4.76,0.04,1.3,37.35,1.3,37.31,0
medhmm,4,500,3.5,dwell_mu_bar_3,3.48,4.53,4.53,0.04,1.03,29.72,1.03,29.69,0
medhmm,4,500,3.5,dwell_mu_bar_4,3.48,4.1,4.1,0.04,0.62,17.89,0.62,17.89,6.25
medhmm,4,500,3.5,gamma_prob_bar_S1toS1,0,0,0,0,0,NA,0,NA,100
medhmm,4,500,3.5,gamma_prob_bar_S1toS2,0.33,0.26,0.26,0.02,-0.07,21.83,-0.07,21.86,21.09
medhmm,4,500,3.5,gamma_prob_bar_S1toS3,0.33,0.41,0.41,0.03,0.07,22.13,0.07,22.11,25.78
medhmm,4,500,3.5,gamma_prob_bar_S1toS4,0.33,0.33,0.33,0.03,0,0.29,0,0.42,87.5
medhmm,4,500,3.5,gamma_prob_bar_S2toS1,0.33,0.3,0.3,0.02,-0.03,8.83,-0.03,8.86,57.03
medhmm,4,500,3.5,gamma_prob_bar_S2toS2,0,0,0,0,0,NA,0,NA,100
medhmm,4,500,3.5,gamma_prob_bar_S2toS3,0.33,0.32,0.32,0.03,-0.01,3.92,-0.01,3.91,74.22
medhmm,4,500,3.5,gamma_prob_bar_S2toS4,0.33,0.38,0.38,0.03,0.04,12.75,0.04,12.63,64.06
medhmm,4,500,3.5,gamma_prob_bar_S3toS1,0.33,0.41,0.41,0.02,0.07,22.13,0.07,22.08,21.09
medhmm,4,500,3.5,gamma_prob_bar_S3toS2,0.33,0.27,0.27,0.03,-0.07,19.88,-0.07,19.95,33.59
medhmm,4,500,3.5,gamma_prob_bar_S3toS3,0,0,0,0,0,NA,0,NA,100
medhmm,4,500,3.5,gamma_prob_bar_S3toS4,0.33,0.33,0.33,0.03,-0.01,2.25,-0.01,2.34,83.59
medhmm,4,500,3.5,gamma_prob_bar_S4toS1,0.33,0.34,0.34,0.02,0,1.29,0,1.2,87.5
medhmm,4,500,3.5,gamma_prob_bar_S4toS2,0.33,0.32,0.32,0.03,-0.01,2.68,-0.01,2.76,57.81
medhmm,4,500,3.5,gamma_prob_bar_S4toS3,0.33,0.34,0.34,0.03,0,1.39,0,1.38,59.38
medhmm,4,500,3.5,gamma_prob_bar_S4toS4,0,0,0,0,0,NA,0,NA,100
medhmm,4,500,19.5,dwell_mu_bar_1,19.5,19.49,19.49,0.05,-0.04,0.22,-0.05,0.24,96.88
medhmm,4,500,19.5,dwell_mu_bar_2,19.5,19.49,19.49,0.05,-0.08,0.44,-0.08,0.43,96.88
medhmm,4,500,19.5,dwell_mu_bar_3,19.5,19.3,19.3,0.05,-0.14,0.71,-0.14,0.72,96.09
medhmm,4,500,19.5,dwell_mu_bar_4,19.5,19.49,19.49,0.05,-0.07,0.37,-0.07,0.38,91.41
medhmm,4,500,19.5,gamma_prob_bar_S1toS1,0,0,0,0,0,NA,0,NA,100
medhmm,4,500,19.5,gamma_prob_bar_S1toS2,0.33,0.33,0.33,0.03,0,0.43,0,0.49,99.22
medhmm,4,500,19.5,gamma_prob_bar_S1toS3,0.33,0.33,0.33,0.03,0,0.32,0,0.21,96.88
medhmm,4,500,19.5,gamma_prob_bar_S1toS4,0.33,0.33,0.33,0.03,0,0.11,0,0.02,97.66
medhmm,4,500,19.5,gamma_prob_bar_S2toS1,0.33,0.33,0.33,0.03,0,0.41,0,0.37,96.88
medhmm,4,500,19.5,gamma_prob_bar_S2toS2,0,0,0,0,0,NA,0,NA,100
medhmm,4,500,19.5,gamma_prob_bar_S2toS3,0.33,0.33,0.33,0.03,0,0.06,0,0.06,96.88
medhmm,4,500,19.5,gamma_prob_bar_S2toS4,0.33,0.33,0.33,0.03,0,0.47,0,0.58,96.88
medhmm,4,500,19.5,gamma_prob_bar_S3toS1,0.33,0.34,0.34,0.03,0.01,1.65,0.01,1.59,98.44
medhmm,4,500,19.5,gamma_prob_bar_S3toS2,0.33,0.33,0.33,0.03,0,0.16,0,0.1,98.44
medhmm,4,500,19.5,gamma_prob_bar_S3toS3,0,0,0,0,0,NA,0,NA,100
medhmm,4,500,19.5,gamma_prob_bar_S3toS4,0.33,0.33,0.33,0.03,-0.01,1.82,-0.01,1.93,99.22
medhmm,4,500,19.5,gamma_prob_bar_S4toS1,0.33,0.34,0.34,0.03,0.01,1.72,0.01,1.66,95.31
medhmm,4,500,19.5,gamma_prob_bar_S4toS2,0.33,0.33,0.33,0.03,0,1.12,0,1.23,98.44
medhmm,4,500,19.5,gamma_prob_bar_S4toS3,0.33,0.33,0.33,0.03,0,0.6,0,0.71,97.66
medhmm,4,500,19.5,gamma_prob_bar_S4toS4,0,0,0,0,0,NA,0,NA,100
medhmm,4,1000,1.4,dwell_mu_bar_1,1.44,4.76,4.71,0.04,3.29,228.29,3.29,228.08,0
medhmm,4,1000,1.4,dwell_mu_bar_2,1.44,9.78,9.78,0.13,8.33,577.67,8.31,576.17,0
medhmm,4,1000,1.4,dwell_mu_bar_3,1.44,9.49,9.49,0.13,8.08,559.84,8.03,556.74,0
medhmm,4,1000,1.4,dwell_mu_bar_4,1.44,4.76,4.76,0.04,3.34,231.36,3.33,231.15,0
medhmm,4,1000,1.4,gamma_prob_bar_S1toS1,0,0,0,0,0,NA,0,NA,100
medhmm,4,1000,1.4,gamma_prob_bar_S1toS2,0.33,0.23,0.22,0.08,-0.1,31.3,-0.11,33.16,81.25
medhmm,4,1000,1.4,gamma_prob_bar_S1toS3,0.33,0.24,0.23,0.08,-0.1,29.25,-0.1,30.87,82.81
medhmm,4,1000,1.4,gamma_prob_bar_S1toS4,0.33,0.54,0.54,0.05,0.2,60.55,0.2,60.66,7.81
medhmm,4,1000,1.4,gamma_prob_bar_S2toS1,0.33,0.48,0.48,0.08,0.15,44.21,0.15,44.15,42.19
medhmm,4,1000,1.4,gamma_prob_bar_S2toS2,0,0,0,0,0,NA,0,NA,100
medhmm,4,1000,1.4,gamma_prob_bar_S2toS3,0.33,0,0,0,-0.33,99.93,-0.33,99.98,0
medhmm,4,1000,1.4,gamma_prob_bar_S2toS4,0.33,0.52,0.52,0.08,0.19,55.72,0.19,55.79,17.19
medhmm,4,1000,1.4,gamma_prob_bar_S3toS1,0.33,0.48,0.48,0.08,0.15,44.99,0.15,44.94,44.53
medhmm,4,1000,1.4,gamma_prob_bar_S3toS2,0.33,0,0,0,-0.33,99.96,-0.33,99.99,0
medhmm,4,1000,1.4,gamma_prob_bar_S3toS3,0,0,0,0,0,NA,0,NA,100
medhmm,4,1000,1.4,gamma_prob_bar_S3toS4,0.33,0.52,0.52,0.08,0.18,54.96,0.18,55.02,22.66
medhmm,4,1000,1.4,gamma_prob_bar_S4toS1,0.33,0.52,0.52,0.05,0.18,54.88,0.18,54.96,15.62
medhmm,4,1000,1.4,gamma_prob_bar_S4toS2,0.33,0.24,0.23,0.09,-0.09,28.49,-0.1,30.74,83.59
medhmm,4,1000,1.4,gamma_prob_bar_S4toS3,0.33,0.25,0.24,0.09,-0.09,26.38,-0.09,27.53,84.38
medhmm,4,1000,1.4,gamma_prob_bar_S4toS4,0,0,0,0,0,NA,0,NA,100
medhmm,4,1000,19.5,dwell_mu_bar_1,19.5,19.49,19.49,0.05,-0.06,0.3,-0.06,0.31,92.97
medhmm,4,1000,19.5,dwell_mu_bar_2,19.5,19.3,19.3,0.05,-0.1,0.53,-0.11,0.54,94.53
medhmm,4,1000,19.5,dwell_mu_bar_3,19.5,19.3,19.3,0.05,-0.11,0.55,-0.11,0.54,95.31
medhmm,4,1000,19.5,dwell_mu_bar_4,19.5,19.3,19.3,0.05,-0.14,0.72,-0.14,0.72,94.53
medhmm,4,1000,19.5,gamma_prob_bar_S1toS1,0,0,0,0,0,NA,0,NA,100
medhmm,4,1000,19.5,gamma_prob_bar_S1toS2,0.33,0.34,0.34,0.02,0,0.67,0,0.6,96.09
medhmm,4,1000,19.5,gamma_prob_bar_S1toS3,0.33,0.33,0.33,0.02,0,0.84,0,0.91,97.66
medhmm,4,1000,19.5,gamma_prob_bar_S1toS4,0.33,0.33,0.33,0.02,0,0.17,0,0.11,97.66
medhmm,4,1000,19.5,gamma_prob_bar_S2toS1,0.33,0.34,0.33,0.02,0,0.56,0,0.49,92.97
medhmm,4,1000,19.5,gamma_prob_bar_S2toS2,0,0,0,0,0,NA,0,NA,100
medhmm,4,1000,19.5,gamma_prob_bar_S2toS3,0.33,0.33,0.33,0.02,0,0.69,0,0.75,95.31
medhmm,4,1000,19.5,gamma_prob_bar_S2toS4,0.33,0.33,0.33,0.02,0,0.13,0,0.07,94.53
medhmm,4,1000,19.5,gamma_prob_bar_S3toS1,0.33,0.33,0.33,0.02,0,0.53,0,0.58,96.88
medhmm,4,1000,19.5,gamma_prob_bar_S3toS2,0.33,0.33,0.33,0.02,0,0.22,0,0.15,98.44
medhmm,4,1000,19.5,gamma_prob_bar_S3toS3,0,0,0,0,0,NA,0,NA,100
medhmm,4,1000,19.5,gamma_prob_bar_S3toS4,0.33,0.33,0.33,0.02,0,0.31,0,0.24,98.44
medhmm,4,1000,19.5,gamma_prob_bar_S4toS1,0.33,0.33,0.33,0.02,0,0.49,0,0.45,98.44
medhmm,4,1000,19.5,gamma_prob_bar_S4toS2,0.33,0.33,0.33,0.02,0,0.2,0,0.13,98.44
medhmm,4,1000,19.5,gamma_prob_bar_S4toS3,0.33,0.33,0.33,0.02,0,0.69,0,0.76,99.22
medhmm,4,1000,19.5,gamma_prob_bar_S4toS4,0,0,0,0,0,NA,0,NA,100
medhmm,4,1000,99.5,dwell_mu_bar_1,99.5,98.49,98.49,0.06,-0.66,0.66,-0.66,0.66,94.53
medhmm,4,1000,99.5,dwell_mu_bar_2,99.5,98.49,98.49,0.05,-1.36,1.37,-1.38,1.38,94.53
medhmm,4,1000,99.5,dwell_mu_bar_3,99.5,98.49,98.49,0.05,-0.7,0.7,-0.71,0.71,95.31
medhmm,4,1000,99.5,dwell_mu_bar_4,99.5,99.48,99.48,0.06,-0.14,0.14,-0.14,0.14,94.53
medhmm,4,1000,99.5,gamma_prob_bar_S1toS1,0,0,0,0,0,NA,0,NA,100
medhmm,4,1000,99.5,gamma_prob_bar_S1toS2,0.33,0.34,0.34,0.04,0.01,1.94,0.01,1.81,93.75
medhmm,4,1000,99.5,gamma_prob_bar_S1toS3,0.33,0.33,0.33,0.05,0,1.31,-0.01,1.56,94.53
medhmm,4,1000,99.5,gamma_prob_bar_S1toS4,0.33,0.33,0.33,0.05,0,0.64,0,0.83,98.44
medhmm,4,1000,99.5,gamma_prob_bar_S2toS1,0.33,0.35,0.35,0.04,0.01,4.46,0.01,4.24,96.09
medhmm,4,1000,99.5,gamma_prob_bar_S2toS2,0,0,0,0,0,NA,0,NA,100
medhmm,4,1000,99.5,gamma_prob_bar_S2toS3,0.33,0.32,0.32,0.05,-0.01,3.19,-0.01,3.49,96.09
medhmm,4,1000,99.5,gamma_prob_bar_S2toS4,0.33,0.33,0.33,0.05,0,1.27,0,1.48,96.88
medhmm,4,1000,99.5,gamma_prob_bar_S3toS1,0.33,0.34,0.34,0.04,0.01,2.84,0.01,2.7,98.44
medhmm,4,1000,99.5,gamma_prob_bar_S3toS2,0.33,0.34,0.34,0.05,0,0.79,0,0.64,96.09
medhmm,4,1000,99.5,gamma_prob_bar_S3toS3,0,0,0,0,0,NA,0,NA,100
medhmm,4,1000,99.5,gamma_prob_bar_S3toS4,0.33,0.32,0.32,0.05,-0.01,3.63,-0.01,3.95,98.44
medhmm,4,1000,99.5,gamma_prob_bar_S4toS1,0.33,0.34,0.34,0.04,0.01,3.42,0.01,3.13,96.88
medhmm,4,1000,99.5,gamma_prob_bar_S4toS2,0.33,0.33,0.33,0.05,0,1.21,0,1.44,97.66
medhmm,4,1000,99.5,gamma_prob_bar_S4toS3,0.33,0.33,0.33,0.05,-0.01,2.21,-0.01,2.46,96.09
medhmm,4,1000,99.5,gamma_prob_bar_S4toS4,0,0,0,0,0,NA,0,NA,100
medhmm,3,500,mix,dwell_mu_bar_1,3.48,3.94,3.94,0.05,0.45,12.86,0.45,12.86,21.09
medhmm,3,500,mix,dwell_mu_bar_2,19.5,19.3,19.3,0.06,-0.13,0.66,-0.13,0.67,93.75
medhmm,3,500,mix,dwell_mu_bar_3,99.5,97.51,97.51,0.05,-2.18,2.19,-2.2,2.21,92.97
medhmm,3,500,mix,gamma_prob_bar_S1toS1,0,0,0,0,0,NA,0,NA,100
medhmm,3,500,mix,gamma_prob_bar_S1toS2,0.5,0.48,0.48,0.04,-0.02,3.41,-0.02,3.39,95.31
medhmm,3,500,mix,gamma_prob_bar_S1toS3,0.5,0.52,0.52,0.04,0.02,3.41,0.02,3.39,95.31
medhmm,3,500,mix,gamma_prob_bar_S2toS1,0.5,0.46,0.46,0.04,-0.04,8.11,-0.04,8.05,84.38
medhmm,3,500,mix,gamma_prob_bar_S2toS2,0,0,0,0,0,NA,0,NA,100
medhmm,3,500,mix,gamma_prob_bar_S2toS3,0.5,0.54,0.54,0.04,0.04,8.11,0.04,8.05,84.38
medhmm,3,500,mix,gamma_prob_bar_S3toS1,0.5,0.48,0.48,0.04,-0.02,4.28,-0.02,4.26,92.97
medhmm,3,500,mix,gamma_prob_bar_S3toS2,0.5,0.52,0.52,0.04,0.02,4.28,0.02,4.26,92.97
medhmm,3,500,mix,gamma_prob_bar_S3toS3,0,0,0,0,0,NA,0,NA,100
mhmm,3,200,1.4,gamma_prob_bar_S1toS1_no_diag,0,0,0,0,0,NA,0,NA,100
mhmm,3,200,1.4,gamma_prob_bar_S1toS2_no_diag,0.5,0.5,0.5,0.02,0,0.59,0,0.59,99.22
mhmm,3,200,1.4,gamma_prob_bar_S1toS3_no_diag,0.5,0.5,0.5,0.02,0,0.59,0,0.59,99.22
mhmm,3,200,1.4,gamma_prob_bar_S2toS1_no_diag,0.5,0.5,0.5,0.02,0,0.15,0,0.15,99.22
mhmm,3,200,1.4,gamma_prob_bar_S2toS2_no_diag,0,0,0,0,0,NA,0,NA,100
mhmm,3,200,1.4,gamma_prob_bar_S2toS3_no_diag,0.5,0.5,0.5,0.02,0,0.15,0,0.15,99.22
mhmm,3,200,1.4,gamma_prob_bar_S3toS1_no_diag,0.5,0.5,0.5,0.02,0,0.13,0,0.13,98.44
mhmm,3,200,1.4,gamma_prob_bar_S3toS2_no_diag,0.5,0.5,0.5,0.02,0,0.13,0,0.13,98.44
mhmm,3,200,1.4,gamma_prob_bar_S3toS3_no_diag,0,0,0,0,0,NA,0,NA,100
mhmm,3,200,1.4,dwell_mu_bar_1,1.443,0.87,0.87,0.06,-0.57,39.44,-0.57,39.61,0
mhmm,3,200,1.4,dwell_mu_bar_2,1.443,0.88,0.88,0.06,-0.56,38.74,-0.56,38.93,0
mhmm,3,200,1.4,dwell_mu_bar_3,1.443,0.88,0.87,0.06,-0.57,39.25,-0.57,39.44,0
mhmm,3,200,3.5,gamma_prob_bar_S1toS1_no_diag,0,0,0,0,0,NA,0,NA,100
mhmm,3,200,3.5,gamma_prob_bar_S1toS2_no_diag,0.5,0.51,0.51,0.02,0.01,2.39,0.01,2.4,97.66
mhmm,3,200,3.5,gamma_prob_bar_S1toS3_no_diag,0.5,0.49,0.49,0.02,-0.01,2.39,-0.01,2.4,97.66
mhmm,3,200,3.5,gamma_prob_bar_S2toS1_no_diag,0.5,0.5,0.5,0.02,0,0.47,0,0.47,100
mhmm,3,200,3.5,gamma_prob_bar_S2toS2_no_diag,0,0,0,0,0,NA,0,NA,100
mhmm,3,200,3.5,gamma_prob_bar_S2toS3_no_diag,0.5,0.5,0.5,0.02,0,0.47,0,0.47,100
mhmm,3,200,3.5,gamma_prob_bar_S3toS1_no_diag,0.5,0.49,0.49,0.02,-0.01,2.36,-0.01,2.36,93.75
mhmm,3,200,3.5,gamma_prob_bar_S3toS2_no_diag,0.5,0.51,0.51,0.02,0.01,2.36,0.01,2.36,93.75
mhmm,3,200,3.5,gamma_prob_bar_S3toS3_no_diag,0,0,0,0,0,NA,0,NA,100
mhmm,3,200,3.5,dwell_mu_bar_1,3.476,2.76,2.75,0.18,-0.72,20.65,-0.72,20.85,4.69
mhmm,3,200,3.5,dwell_mu_bar_2,3.476,2.63,2.63,0.18,-0.84,24.28,-0.85,24.48,0.78
mhmm,3,200,3.5,dwell_mu_bar_3,3.476,2.75,2.75,0.19,-0.72,20.78,-0.73,20.99,3.12
mhmm,3,200,19.5,gamma_prob_bar_S1toS1_no_diag,0,0,0,0,0,NA,0,NA,100
mhmm,3,200,19.5,gamma_prob_bar_S1toS2_no_diag,0.5,0.51,0.51,0.03,0.01,2.82,0.01,2.82,99.22
mhmm,3,200,19.5,gamma_prob_bar_S1toS3_no_diag,0.5,0.49,0.49,0.03,-0.01,2.82,-0.01,2.82,99.22
mhmm,3,200,19.5,gamma_prob_bar_S2toS1_no_diag,0.5,0.5,0.5,0.03,0,0.91,0,0.92,98.44
mhmm,3,200,19.5,gamma_prob_bar_S2toS2_no_diag,0,0,0,0,0,NA,0,NA,100
mhmm,3,200,19.5,gamma_prob_bar_S2toS3_no_diag,0.5,0.5,0.5,0.03,0,0.91,0,0.92,98.44
mhmm,3,200,19.5,gamma_prob_bar_S3toS1_no_diag,0.5,0.49,0.49,0.03,-0.01,1.38,-0.01,1.4,99.22
mhmm,3,200,19.5,gamma_prob_bar_S3toS2_no_diag,0.5,0.51,0.51,0.03,0.01,1.38,0.01,1.4,99.22
mhmm,3,200,19.5,gamma_prob_bar_S3toS3_no_diag,0,0,0,0,0,NA,0,NA,100
mhmm,3,200,19.5,dwell_mu_bar_1,19.496,12.51,12.46,1.06,-6.98,35.82,-7.04,36.09,0
mhmm,3,200,19.5,dwell_mu_bar_2,19.496,12.13,12.08,1.08,-7.36,37.77,-7.42,38.05,0
mhmm,3,200,19.5,dwell_mu_bar_3,19.496,12.32,12.27,1.1,-7.17,36.78,-7.22,37.06,0
mhmm,3,200,99.5,gamma_prob_bar_S1toS1_no_diag,0,0,0,0,0,NA,0,NA,100
mhmm,3,200,99.5,gamma_prob_bar_S1toS2_no_diag,0.5,0.52,0.52,0.04,0.02,3.54,0.02,3.57,100
mhmm,3,200,99.5,gamma_prob_bar_S1toS3_no_diag,0.5,0.48,0.48,0.04,-0.02,3.54,-0.02,3.57,100
mhmm,3,200,99.5,gamma_prob_bar_S2toS1_no_diag,0.5,0.5,0.5,0.04,0,0.69,0,0.7,100
mhmm,3,200,99.5,gamma_prob_bar_S2toS2_no_diag,0,0,0,0,0,NA,0,NA,100
mhmm,3,200,99.5,gamma_prob_bar_S2toS3_no_diag,0.5,0.5,0.5,0.04,0,0.69,0,0.7,100
mhmm,3,200,99.5,gamma_prob_bar_S3toS1_no_diag,0.5,0.49,0.49,0.04,-0.01,2.64,-0.01,2.64,100
mhmm,3,200,99.5,gamma_prob_bar_S3toS2_no_diag,0.5,0.51,0.51,0.04,0.01,2.64,0.01,2.64,100
mhmm,3,200,99.5,gamma_prob_bar_S3toS3_no_diag,0,0,0,0,0,NA,0,NA,100
mhmm,3,200,99.5,dwell_mu_bar_1,99.499,14.17,13.94,2.74,-85.33,85.76,-85.56,85.99,0
mhmm,3,200,99.5,dwell_mu_bar_2,99.499,13.33,13.1,2.63,-86.17,86.6,-86.4,86.83,0
mhmm,3,200,99.5,dwell_mu_bar_3,99.499,14.3,14.06,2.78,-85.2,85.63,-85.44,85.87,0
mhmm,3,500,1.4,gamma_prob_bar_S1toS1_no_diag,0,0,0,0,0,NA,0,NA,100
mhmm,3,500,1.4,gamma_prob_bar_S1toS2_no_diag,0.5,0.5,0.5,0.02,0,0.63,0,0.62,99.22
mhmm,3,500,1.4,gamma_prob_bar_S1toS3_no_diag,0.5,0.5,0.5,0.02,0,0.63,0,0.62,99.22
mhmm,3,500,1.4,gamma_prob_bar_S2toS1_no_diag,0.5,0.5,0.5,0.02,0,0.23,0,0.24,99.22
mhmm,3,500,1.4,gamma_prob_bar_S2toS2_no_diag,0,0,0,0,0,NA,0,NA,100
mhmm,3,500,1.4,gamma_prob_bar_S2toS3_no_diag,0.5,0.5,0.5,0.02,0,0.23,0,0.24,99.22
mhmm,3,500,1.4,gamma_prob_bar_S3toS1_no_diag,0.5,0.5,0.5,0.02,0,0.36,0,0.35,97.66
mhmm,3,500,1.4,gamma_prob_bar_S3toS2_no_diag,0.5,0.5,0.5,0.02,0,0.36,0,0.35,97.66
mhmm,3,500,1.4,gamma_prob_bar_S3toS3_no_diag,0,0,0,0,0,NA,0,NA,100
mhmm,3,500,1.4,dwell_mu_bar_1,1.443,0.85,0.85,0.06,-0.59,40.78,-0.59,40.99,0
mhmm,3,500,1.4,dwell_mu_bar_2,1.443,0.85,0.85,0.06,-0.59,40.85,-0.59,41.04,0
mhmm,3,500,1.4,dwell_mu_bar_3,1.443,0.86,0.86,0.06,-0.58,40.31,-0.58,40.53,0
mhmm,3,500,3.5,gamma_prob_bar_S1toS1_no_diag,0,0,0,0,0,NA,0,NA,100
mhmm,3,500,3.5,gamma_prob_bar_S1toS2_no_diag,0.5,0.51,0.51,0.02,0.01,2.3,0.01,2.29,96.88
mhmm,3,500,3.5,gamma_prob_bar_S1toS3_no_diag,0.5,0.49,0.49,0.02,-0.01,2.3,-0.01,2.29,96.88
mhmm,3,500,3.5,gamma_prob_bar_S2toS1_no_diag,0.5,0.5,0.5,0.02,0,0.24,0,0.24,98.44
mhmm,3,500,3.5,gamma_prob_bar_S2toS2_no_diag,0,0,0,0,0,NA,0,NA,100
mhmm,3,500,3.5,gamma_prob_bar_S2toS3_no_diag,0.5,0.5,0.5,0.02,0,0.24,0,0.24,98.44
mhmm,3,500,3.5,gamma_prob_bar_S3toS1_no_diag,0.5,0.49,0.49,0.02,-0.01,2.02,-0.01,2.03,94.53
mhmm,3,500,3.5,gamma_prob_bar_S3toS2_no_diag,0.5,0.51,0.51,0.02,0.01,2.02,0.01,2.03,94.53
mhmm,3,500,3.5,gamma_prob_bar_S3toS3_no_diag,0,0,0,0,0,NA,0,NA,100
mhmm,3,500,3.5,dwell_mu_bar_1,3.476,2.83,2.82,0.19,-0.65,18.61,-0.65,18.81,5.47
mhmm,3,500,3.5,dwell_mu_bar_2,3.476,2.76,2.75,0.19,-0.72,20.58,-0.72,20.8,4.69
mhmm,3,500,3.5,dwell_mu_bar_3,3.476,2.85,2.84,0.2,-0.63,18.03,-0.64,18.27,10.16
mhmm,3,500,19.5,gamma_prob_bar_S1toS1_no_diag,0,0,0,0,0,NA,0,NA,100
mhmm,3,500,19.5,gamma_prob_bar_S1toS2_no_diag,0.5,0.51,0.51,0.03,0.01,1.38,0.01,1.38,99.22
mhmm,3,500,19.5,gamma_prob_bar_S1toS3_no_diag,0.5,0.49,0.49,0.03,-0.01,1.38,-0.01,1.38,99.22
mhmm,3,500,19.5,gamma_prob_bar_S2toS1_no_diag,0.5,0.5,0.5,0.02,0,0.85,0,0.86,97.66
mhmm,3,500,19.5,gamma_prob_bar_S2toS2_no_diag,0,0,0,0,0,NA,0,NA,100
mhmm,3,500,19.5,gamma_prob_bar_S2toS3_no_diag,0.5,0.5,0.5,0.02,0,0.85,0,0.86,97.66
mhmm,3,500,19.5,gamma_prob_bar_S3toS1_no_diag,0.5,0.49,0.49,0.02,-0.01,1.72,-0.01,1.74,98.44
mhmm,3,500,19.5,gamma_prob_bar_S3toS2_no_diag,0.5,0.51,0.51,0.02,0.01,1.72,0.01,1.74,98.44
mhmm,3,500,19.5,gamma_prob_bar_S3toS3_no_diag,0,0,0,0,0,NA,0,NA,100
mhmm,3,500,19.5,dwell_mu_bar_1,19.496,15.95,15.9,1.23,-3.54,18.18,-3.6,18.44,14.06
mhmm,3,500,19.5,dwell_mu_bar_2,19.496,15.45,15.4,1.26,-4.04,20.74,-4.1,21.01,8.59
mhmm,3,500,19.5,dwell_mu_bar_3,19.496,15.83,15.77,1.29,-3.67,18.81,-3.73,19.11,15.62
mhmm,3,500,99.5,gamma_prob_bar_S1toS1_no_diag,0,0,0,0,0,NA,0,NA,100
mhmm,3,500,99.5,gamma_prob_bar_S1toS2_no_diag,0.5,0.51,0.51,0.04,0.01,1.52,0.01,1.54,99.22
mhmm,3,500,99.5,gamma_prob_bar_S1toS3_no_diag,0.5,0.49,0.49,0.04,-0.01,1.52,-0.01,1.54,99.22
mhmm,3,500,99.5,gamma_prob_bar_S2toS1_no_diag,0.5,0.51,0.51,0.03,0.01,1.19,0.01,1.2,99.22
mhmm,3,500,99.5,gamma_prob_bar_S2toS2_no_diag,0,0,0,0,0,NA,0,NA,100
mhmm,3,500,99.5,gamma_prob_bar_S2toS3_no_diag,0.5,0.49,0.49,0.03,-0.01,1.19,-0.01,1.2,99.22
mhmm,3,500,99.5,gamma_prob_bar_S3toS1_no_diag,0.5,0.5,0.5,0.03,0,0.02,0,0.03,99.22
mhmm,3,500,99.5,gamma_prob_bar_S3toS2_no_diag,0.5,0.5,0.5,0.03,0,0.02,0,0.03,99.22
mhmm,3,500,99.5,gamma_prob_bar_S3toS3_no_diag,0,0,0,0,0,NA,0,NA,100
mhmm,3,500,99.5,dwell_mu_bar_1,99.499,43.58,43.3,5.01,-55.92,56.2,-56.2,56.48,0
mhmm,3,500,99.5,dwell_mu_bar_2,99.499,41.89,41.6,4.99,-57.61,57.9,-57.9,58.19,0
mhmm,3,500,99.5,dwell_mu_bar_3,99.499,42.81,42.52,5.08,-56.69,56.98,-56.98,57.27,0
mhmm,3,1000,1.4,gamma_prob_bar_S1toS1_no_diag,0,0,0,0,0,NA,0,NA,100
mhmm,3,1000,1.4,gamma_prob_bar_S1toS2_no_diag,0.5,0.5,0.5,0.02,0,0.18,0,0.18,96.88
mhmm,3,1000,1.4,gamma_prob_bar_S1toS3_no_diag,0.5,0.5,0.5,0.02,0,0.18,0,0.18,96.88
mhmm,3,1000,1.4,gamma_prob_bar_S2toS1_no_diag,0.5,0.5,0.5,0.01,0,0.11,0,0.12,99.22
mhmm,3,1000,1.4,gamma_prob_bar_S2toS2_no_diag,0,0,0,0,0,NA,0,NA,100
mhmm,3,1000,1.4,gamma_prob_bar_S2toS3_no_diag,0.5,0.5,0.5,0.01,0,0.11,0,0.12,99.22
mhmm,3,1000,1.4,gamma_prob_bar_S3toS1_no_diag,0.5,0.5,0.5,0.01,0,0.65,0,0.65,96.88
mhmm,3,1000,1.4,gamma_prob_bar_S3toS2_no_diag,0.5,0.5,0.5,0.01,0,0.65,0,0.65,96.88
mhmm,3,1000,1.4,gamma_prob_bar_S3toS3_no_diag,0,0,0,0,0,NA,0,NA,100
mhmm,3,1000,1.4,dwell_mu_bar_1,1.443,0.85,0.85,0.06,-0.59,41.07,-0.6,41.3,0
mhmm,3,1000,1.4,dwell_mu_bar_2,1.443,0.85,0.85,0.06,-0.59,41.07,-0.6,41.28,0
mhmm,3,1000,1.4,dwell_mu_bar_3,1.443,0.85,0.85,0.06,-0.59,41.01,-0.59,41.21,0
mhmm,3,1000,3.5,gamma_prob_bar_S1toS1_no_diag,0,0,0,0,0,NA,0,NA,100
mhmm,3,1000,3.5,gamma_prob_bar_S1toS2_no_diag,0.5,0.51,0.51,0.02,0.01,2.56,0.01,2.56,94.53
mhmm,3,1000,3.5,gamma_prob_bar_S1toS3_no_diag,0.5,0.49,0.49,0.02,-0.01,2.56,-0.01,2.56,94.53
mhmm,3,1000,3.5,gamma_prob_bar_S2toS1_no_diag,0.5,0.5,0.5,0.02,0,0.09,0,0.09,100
mhmm,3,1000,3.5,gamma_prob_bar_S2toS2_no_diag,0,0,0,0,0,NA,0,NA,100
mhmm,3,1000,3.5,gamma_prob_bar_S2toS3_no_diag,0.5,0.5,0.5,0.02,0,0.09,0,0.09,100
mhmm,3,1000,3.5,gamma_prob_bar_S3toS1_no_diag,0.5,0.49,0.49,0.02,-0.01,2.86,-0.01,2.86,85.16
mhmm,3,1000,3.5,gamma_prob_bar_S3toS2_no_diag,0.5,0.51,0.51,0.02,0.01,2.86,0.01,2.86,85.16
mhmm,3,1000,3.5,gamma_prob_bar_S3toS3_no_diag,0,0,0,0,0,NA,0,NA,100
mhmm,3,1000,3.5,dwell_mu_bar_1,3.476,2.82,2.81,0.19,-0.66,18.85,-0.66,19.06,7.03
mhmm,3,1000,3.5,dwell_mu_bar_2,3.476,2.77,2.77,0.19,-0.7,20.22,-0.71,20.43,4.69
mhmm,3,1000,3.5,dwell_mu_bar_3,3.476,2.85,2.84,0.2,-0.62,17.97,-0.63,18.2,14.06
mhmm,3,1000,19.5,gamma_prob_bar_S1toS1_no_diag,0,0,0,0,0,NA,0,NA,100
mhmm,3,1000,19.5,gamma_prob_bar_S1toS2_no_diag,0.5,0.51,0.51,0.02,0.01,1.92,0.01,1.94,97.66
mhmm,3,1000,19.5,gamma_prob_bar_S1toS3_no_diag,0.5,0.49,0.49,0.02,-0.01,1.92,-0.01,1.94,97.66
mhmm,3,1000,19.5,gamma_prob_bar_S2toS1_no_diag,0.5,0.5,0.5,0.02,0,0.31,0,0.32,96.88
mhmm,3,1000,19.5,gamma_prob_bar_S2toS2_no_diag,0,0,0,0,0,NA,0,NA,100
mhmm,3,1000,19.5,gamma_prob_bar_S2toS3_no_diag,0.5,0.5,0.5,0.02,0,0.31,0,0.32,96.88
mhmm,3,1000,19.5,gamma_prob_bar_S3toS1_no_diag,0.5,0.49,0.49,0.02,-0.01,1.73,-0.01,1.74,99.22
mhmm,3,1000,19.5,gamma_prob_bar_S3toS2_no_diag,0.5,0.51,0.51,0.02,0.01,1.73,0.01,1.74,99.22
mhmm,3,1000,19.5,gamma_prob_bar_S3toS3_no_diag,0,0,0,0,0,NA,0,NA,100
mhmm,3,1000,19.5,dwell_mu_bar_1,19.496,17.44,17.39,1.28,-2.06,10.55,-2.11,10.8,70.31
mhmm,3,1000,19.5,dwell_mu_bar_2,19.496,16.96,16.9,1.32,-2.54,13.01,-2.59,13.3,52.34
mhmm,3,1000,19.5,dwell_mu_bar_3,19.496,17.38,17.32,1.34,-2.12,10.86,-2.17,11.15,67.19
mhmm,3,1000,99.5,gamma_prob_bar_S1toS1_no_diag,0,0,0,0,0,NA,0,NA,100
mhmm,3,1000,99.5,gamma_prob_bar_S1toS2_no_diag,0.5,0.5,0.5,0.03,0,0.96,0,0.96,99.22
mhmm,3,1000,99.5,gamma_prob_bar_S1toS3_no_diag,0.5,0.5,0.5,0.03,0,0.96,0,0.96,99.22
mhmm,3,1000,99.5,gamma_prob_bar_S2toS1_no_diag,0.5,0.51,0.51,0.03,0.01,1.23,0.01,1.19,100
mhmm,3,1000,99.5,gamma_prob_bar_S2toS2_no_diag,0,0,0,0,0,NA,0,NA,100
mhmm,3,1000,99.5,gamma_prob_bar_S2toS3_no_diag,0.5,0.49,0.49,0.03,-0.01,1.23,-0.01,1.19,100
mhmm,3,1000,99.5,gamma_prob_bar_S3toS1_no_diag,0.5,0.5,0.5,0.03,0,0.18,0,0.17,98.44
mhmm,3,1000,99.5,gamma_prob_bar_S3toS2_no_diag,0.5,0.5,0.5,0.03,0,0.18,0,0.17,98.44
mhmm,3,1000,99.5,gamma_prob_bar_S3toS3_no_diag,0,0,0,0,0,NA,0,NA,100
mhmm,3,1000,99.5,dwell_mu_bar_1,99.499,62.99,62.63,6.35,-36.51,36.7,-36.87,37.05,0
mhmm,3,1000,99.5,dwell_mu_bar_2,99.499,61.25,60.9,6.36,-38.25,38.44,-38.6,38.79,0
mhmm,3,1000,99.5,dwell_mu_bar_3,99.499,62.4,62.05,6.47,-37.1,37.29,-37.45,37.64,0
mhmm,4,200,1.4,gamma_prob_bar_S1toS1_no_diag,0,0,0,0,0,NA,0,NA,100
mhmm,4,200,1.4,gamma_prob_bar_S1toS2_no_diag,0.333,0.33,0.33,0.02,0,0.2,0,0.16,99.22
mhmm,4,200,1.4,gamma_prob_bar_S1toS3_no_diag,0.333,0.33,0.33,0.02,0,0.02,0,0.07,98.44
mhmm,4,200,1.4,gamma_prob_bar_S1toS4_no_diag,0.333,0.33,0.33,0.02,0,0.18,0,0.22,100
mhmm,4,200,1.4,gamma_prob_bar_S2toS1_no_diag,0.333,0.34,0.34,0.01,0,0.56,0,0.53,98.44
mhmm,4,200,1.4,gamma_prob_bar_S2toS2_no_diag,0,0,0,0,0,NA,0,NA,100
mhmm,4,200,1.4,gamma_prob_bar_S2toS3_no_diag,0.333,0.33,0.33,0.02,0,0.31,0,0.26,100
mhmm,4,200,1.4,gamma_prob_bar_S2toS4_no_diag,0.333,0.33,0.33,0.02,0,0.87,0,0.91,100
mhmm,4,200,1.4,gamma_prob_bar_S3toS1_no_diag,0.333,0.33,0.33,0.01,0,0.51,0,0.53,99.22
mhmm,4,200,1.4,gamma_prob_bar_S3toS2_no_diag,0.333,0.33,0.33,0.02,0,0.4,0,0.36,100
mhmm,4,200,1.4,gamma_prob_bar_S3toS3_no_diag,0,0,0,0,0,NA,0,NA,100
mhmm,4,200,1.4,gamma_prob_bar_S3toS4_no_diag,0.333,0.33,0.33,0.02,0,0.11,0,0.06,99.22
mhmm,4,200,1.4,gamma_prob_bar_S4toS1_no_diag,0.333,0.33,0.33,0.01,0,0.61,0,0.64,96.88
mhmm,4,200,1.4,gamma_prob_bar_S4toS2_no_diag,0.333,0.33,0.33,0.02,0,0.31,0,0.34,99.22
mhmm,4,200,1.4,gamma_prob_bar_S4toS3_no_diag,0.333,0.34,0.34,0.02,0,0.93,0,0.88,99.22
mhmm,4,200,1.4,gamma_prob_bar_S4toS4_no_diag,0,0,0,0,0,NA,0,NA,100
mhmm,4,200,1.4,dwell_mu_bar_1,1.443,0.88,0.88,0.06,-0.56,38.9,-0.56,39.06,0
mhmm,4,200,1.4,dwell_mu_bar_2,1.443,0.87,0.87,0.06,-0.57,39.48,-0.57,39.66,0
mhmm,4,200,1.4,dwell_mu_bar_3,1.443,0.87,0.87,0.06,-0.57,39.67,-0.57,39.85,0
mhmm,4,200,1.4,dwell_mu_bar_4,1.443,0.86,0.86,0.06,-0.58,40.1,-0.58,40.28,0
mhmm,4,200,3.5,gamma_prob_bar_S1toS1_no_diag,0,0,0,0,0,NA,0,NA,100
mhmm,4,200,3.5,gamma_prob_bar_S1toS2_no_diag,0.333,0.34,0.34,0.02,0.01,2.77,0.01,2.71,98.44
mhmm,4,200,3.5,gamma_prob_bar_S1toS3_no_diag,0.333,0.33,0.33,0.02,-0.01,2,-0.01,2.09,98.44
mhmm,4,200,3.5,gamma_prob_bar_S1toS4_no_diag,0.333,0.33,0.33,0.02,0,0.77,0,0.83,100
mhmm,4,200,3.5,gamma_prob_bar_S2toS1_no_diag,0.333,0.34,0.34,0.02,0.01,2.64,0.01,2.62,95.31
mhmm,4,200,3.5,gamma_prob_bar_S2toS2_no_diag,0,0,0,0,0,NA,0,NA,100
mhmm,4,200,3.5,gamma_prob_bar_S2toS3_no_diag,0.333,0.34,0.34,0.02,0.01,2.06,0.01,2,96.09
mhmm,4,200,3.5,gamma_prob_bar_S2toS4_no_diag,0.333,0.32,0.32,0.02,-0.02,4.7,-0.02,4.76,96.09
mhmm,4,200,3.5,gamma_prob_bar_S3toS1_no_diag,0.333,0.32,0.32,0.02,-0.01,3.72,-0.01,3.75,94.53
mhmm,4,200,3.5,gamma_prob_bar_S3toS2_no_diag,0.333,0.34,0.34,0.02,0.01,2.51,0.01,2.45,98.44
mhmm,4,200,3.5,gamma_prob_bar_S3toS3_no_diag,0,0,0,0,0,NA,0,NA,100
mhmm,4,200,3.5,gamma_prob_bar_S3toS4_no_diag,0.333,0.34,0.34,0.02,0,1.21,0,1.17,99.22
mhmm,4,200,3.5,gamma_prob_bar_S4toS1_no_diag,0.333,0.33,0.33,0.02,0,0.62,0,0.67,98.44
mhmm,4,200,3.5,gamma_prob_bar_S4toS2_no_diag,0.333,0.32,0.32,0.02,-0.01,2.63,-0.01,2.68,98.44
mhmm,4,200,3.5,gamma_prob_bar_S4toS3_no_diag,0.333,0.34,0.34,0.02,0.01,3.25,0.01,3.19,97.66
mhmm,4,200,3.5,gamma_prob_bar_S4toS4_no_diag,0,0,0,0,0,NA,0,NA,100
mhmm,4,200,3.5,dwell_mu_bar_1,3.476,2.61,2.61,0.17,-0.86,24.78,-0.87,24.97,0.78
mhmm,4,200,3.5,dwell_mu_bar_2,3.476,2.53,2.52,0.18,-0.95,27.2,-0.95,27.42,0
mhmm,4,200,3.5,dwell_mu_bar_3,3.476,2.53,2.52,0.18,-0.95,27.19,-0.95,27.39,0
mhmm,4,200,3.5,dwell_mu_bar_4,3.476,2.56,2.55,0.18,-0.91,26.32,-0.92,26.51,0
mhmm,4,200,19.5,gamma_prob_bar_S1toS1_no_diag,0,0,0,0,0,NA,0,NA,100
mhmm,4,200,19.5,gamma_prob_bar_S1toS2_no_diag,0.333,0.34,0.34,0.03,0.01,2.47,0.01,2.34,99.22
mhmm,4,200,19.5,gamma_prob_bar_S1toS3_no_diag,0.333,0.33,0.33,0.03,0,0.83,0,0.96,100
mhmm,4,200,19.5,gamma_prob_bar_S1toS4_no_diag,0.333,0.33,0.33,0.03,-0.01,1.64,-0.01,1.78,99.22
mhmm,4,200,19.5,gamma_prob_bar_S2toS1_no_diag,0.333,0.35,0.35,0.03,0.02,4.85,0.02,4.75,97.66
mhmm,4,200,19.5,gamma_prob_bar_S2toS2_no_diag,0,0,0,0,0,NA,0,NA,100
mhmm,4,200,19.5,gamma_prob_bar_S2toS3_no_diag,0.333,0.33,0.33,0.03,0,0.28,0,0.39,99.22
mhmm,4,200,19.5,gamma_prob_bar_S2toS4_no_diag,0.333,0.32,0.32,0.03,-0.02,4.57,-0.02,4.69,99.22
mhmm,4,200,19.5,gamma_prob_bar_S3toS1_no_diag,0.333,0.33,0.33,0.03,-0.01,1.55,-0.01,1.65,100
mhmm,4,200,19.5,gamma_prob_bar_S3toS2_no_diag,0.333,0.34,0.34,0.03,0.01,1.54,0,1.4,100
mhmm,4,200,19.5,gamma_prob_bar_S3toS3_no_diag,0,0,0,0,0,NA,0,NA,100
mhmm,4,200,19.5,gamma_prob_bar_S3toS4_no_diag,0.333,0.33,0.33,0.03,0,0,0,0.12,100
mhmm,4,200,19.5,gamma_prob_bar_S4toS1_no_diag,0.333,0.34,0.34,0.03,0.01,1.95,0.01,1.86,99.22
mhmm,4,200,19.5,gamma_prob_bar_S4toS2_no_diag,0.333,0.32,0.32,0.03,-0.01,3.07,-0.01,3.19,99.22
mhmm,4,200,19.5,gamma_prob_bar_S4toS3_no_diag,0.333,0.34,0.34,0.03,0,1.12,0,0.99,100
mhmm,4,200,19.5,gamma_prob_bar_S4toS4_no_diag,0,0,0,0,0,NA,0,NA,100
mhmm,4,200,19.5,dwell_mu_bar_1,19.496,8.9,8.87,0.78,-10.6,54.35,-10.63,54.53,0
mhmm,4,200,19.5,dwell_mu_bar_2,19.496,8.68,8.64,0.82,-10.82,55.49,-10.86,55.7,0
mhmm,4,200,19.5,dwell_mu_bar_3,19.496,8.54,8.5,0.81,-10.95,56.19,-10.99,56.38,0
mhmm,4,200,19.5,dwell_mu_bar_4,19.496,8.74,8.7,0.82,-10.76,55.17,-10.8,55.4,0
mhmm,4,200,99.5,gamma_prob_bar_S1toS1_no_diag,0,0,0,0,0,NA,0,NA,100
mhmm,4,200,99.5,gamma_prob_bar_S1toS2_no_diag,0.333,0.35,0.35,0.03,0.01,3.79,0.01,3.69,100
mhmm,4,200,99.5,gamma_prob_bar_S1toS3_no_diag,0.333,0.33,0.33,0.03,-0.01,1.64,-0.01,1.9,100
mhmm,4,200,99.5,gamma_prob_bar_S1toS4_no_diag,0.333,0.33,0.33,0.03,-0.01,2.14,-0.01,2.38,100
mhmm,4,200,99.5,gamma_prob_bar_S2toS1_no_diag,0.333,0.35,0.35,0.03,0.01,3.68,0.01,3.53,100
mhmm,4,200,99.5,gamma_prob_bar_S2toS2_no_diag,0,0,0,0,0,NA,0,NA,100
mhmm,4,200,99.5,gamma_prob_bar_S2toS3_no_diag,0.333,0.34,0.34,0.03,0,1.03,0,0.86,100
mhmm,4,200,99.5,gamma_prob_bar_S2toS4_no_diag,0.333,0.32,0.32,0.03,-0.02,4.71,-0.02,4.9,100
mhmm,4,200,99.5,gamma_prob_bar_S3toS1_no_diag,0.333,0.33,0.33,0.03,-0.01,2.09,-0.01,2.23,100
mhmm,4,200,99.5,gamma_prob_bar_S3toS2_no_diag,0.333,0.34,0.34,0.03,0,1.18,0,0.98,100
mhmm,4,200,99.5,gamma_prob_bar_S3toS3_no_diag,0,0,0,0,0,NA,0,NA,100
mhmm,4,200,99.5,gamma_prob_bar_S3toS4_no_diag,0.333,0.34,0.34,0.03,0,0.91,0,0.7,100
mhmm,4,200,99.5,gamma_prob_bar_S4toS1_no_diag,0.333,0.33,0.33,0.03,0,0.7,0,0.88,100
mhmm,4,200,99.5,gamma_prob_bar_S4toS2_no_diag,0.333,0.33,0.33,0.03,-0.01,2.23,-0.01,2.4,100
mhmm,4,200,99.5,gamma_prob_bar_S4toS3_no_diag,0.333,0.34,0.34,0.03,0.01,2.93,0.01,2.78,100
mhmm,4,200,99.5,gamma_prob_bar_S4toS4_no_diag,0,0,0,0,0,NA,0,NA,100
mhmm,4,200,99.5,dwell_mu_bar_1,99.499,4.94,4.83,1.08,-94.56,95.04,-94.67,95.15,0
mhmm,4,200,99.5,dwell_mu_bar_2,99.499,4.83,4.72,1.06,-94.67,95.14,-94.78,95.26,0
mhmm,4,200,99.5,dwell_mu_bar_3,99.499,4.89,4.78,1.08,-94.61,95.08,-94.72,95.2,0
mhmm,4,200,99.5,dwell_mu_bar_4,99.499,4.83,4.71,1.07,-94.67,95.15,-94.79,95.26,0
mhmm,4,500,1.4,gamma_prob_bar_S1toS1_no_diag,0,0,0,0,0,NA,0,NA,100
mhmm,4,500,1.4,gamma_prob_bar_S1toS2_no_diag,0.333,0.34,0.34,0.01,0,0.63,0,0.61,100
mhmm,4,500,1.4,gamma_prob_bar_S1toS3_no_diag,0.333,0.33,0.33,0.02,0,0.04,0,0.08,99.22
mhmm,4,500,1.4,gamma_prob_bar_S1toS4_no_diag,0.333,0.33,0.33,0.02,0,0.59,0,0.64,97.66
mhmm,4,500,1.4,gamma_prob_bar_S2toS1_no_diag,0.333,0.34,0.34,0.01,0,0.54,0,0.51,98.44
mhmm,4,500,1.4,gamma_prob_bar_S2toS2_no_diag,0,0,0,0,0,NA,0,NA,100
mhmm,4,500,1.4,gamma_prob_bar_S2toS3_no_diag,0.333,0.34,0.34,0.02,0,0.58,0,0.53,96.88
mhmm,4,500,1.4,gamma_prob_bar_S2toS4_no_diag,0.333,0.33,0.33,0.02,0,1.12,0,1.16,96.88
mhmm,4,500,1.4,gamma_prob_bar_S3toS1_no_diag,0.333,0.33,0.33,0.01,0,1.46,0,1.47,98.44
mhmm,4,500,1.4,gamma_prob_bar_S3toS2_no_diag,0.333,0.34,0.34,0.02,0,0.55,0,0.51,96.88
mhmm,4,500,1.4,gamma_prob_bar_S3toS3_no_diag,0,0,0,0,0,NA,0,NA,100
mhmm,4,500,1.4,gamma_prob_bar_S3toS4_no_diag,0.333,0.34,0.34,0.02,0,0.9,0,0.87,96.09
mhmm,4,500,1.4,gamma_prob_bar_S4toS1_no_diag,0.333,0.33,0.33,0.01,0,0.48,0,0.51,97.66
mhmm,4,500,1.4,gamma_prob_bar_S4toS2_no_diag,0.333,0.33,0.33,0.02,0,0.8,0,0.85,97.66
mhmm,4,500,1.4,gamma_prob_bar_S4toS3_no_diag,0.333,0.34,0.34,0.02,0,1.29,0,1.25,98.44
mhmm,4,500,1.4,gamma_prob_bar_S4toS4_no_diag,0,0,0,0,0,NA,0,NA,100
mhmm,4,500,1.4,dwell_mu_bar_1,1.443,0.86,0.85,0.06,-0.59,40.56,-0.59,40.74,0
mhmm,4,500,1.4,dwell_mu_bar_2,1.443,0.85,0.85,0.06,-0.59,41,-0.59,41.21,0
mhmm,4,500,1.4,dwell_mu_bar_3,1.443,0.85,0.85,0.06,-0.59,40.78,-0.59,40.98,0
mhmm,4,500,1.4,dwell_mu_bar_4,1.443,0.86,0.85,0.06,-0.59,40.56,-0.59,40.77,0
mhmm,4,500,3.5,gamma_prob_bar_S1toS1_no_diag,0,0,0,0,0,NA,0,NA,100
mhmm,4,500,3.5,gamma_prob_bar_S1toS2_no_diag,0.333,0.34,0.34,0.02,0.01,3.3,0.01,3.26,96.88
mhmm,4,500,3.5,gamma_prob_bar_S1toS3_no_diag,0.333,0.33,0.33,0.02,-0.01,1.6,-0.01,1.64,100
mhmm,4,500,3.5,gamma_prob_bar_S1toS4_no_diag,0.333,0.33,0.33,0.02,-0.01,1.7,-0.01,1.75,100
mhmm,4,500,3.5,gamma_prob_bar_S2toS1_no_diag,0.333,0.34,0.34,0.01,0.01,2.55,0.01,2.52,93.75
mhmm,4,500,3.5,gamma_prob_bar_S2toS2_no_diag,0,0,0,0,0,NA,0,NA,100
mhmm,4,500,3.5,gamma_prob_bar_S2toS3_no_diag,0.333,0.34,0.34,0.02,0,1.43,0,1.4,98.44
mhmm,4,500,3.5,gamma_prob_bar_S2toS4_no_diag,0.333,0.32,0.32,0.02,-0.01,3.97,-0.01,4.02,90.62
mhmm,4,500,3.5,gamma_prob_bar_S3toS1_no_diag,0.333,0.32,0.32,0.01,-0.01,3.62,-0.01,3.65,88.28
mhmm,4,500,3.5,gamma_prob_bar_S3toS2_no_diag,0.333,0.34,0.34,0.02,0.01,1.95,0.01,1.92,96.88
mhmm,4,500,3.5,gamma_prob_bar_S3toS3_no_diag,0,0,0,0,0,NA,0,NA,100
mhmm,4,500,3.5,gamma_prob_bar_S3toS4_no_diag,0.333,0.34,0.34,0.02,0.01,1.67,0.01,1.62,96.09
mhmm,4,500,3.5,gamma_prob_bar_S4toS1_no_diag,0.333,0.33,0.33,0.01,-0.01,1.73,-0.01,1.75,96.88
mhmm,4,500,3.5,gamma_prob_bar_S4toS2_no_diag,0.333,0.33,0.33,0.02,-0.01,2.26,-0.01,2.3,96.88
mhmm,4,500,3.5,gamma_prob_bar_S4toS3_no_diag,0.333,0.35,0.35,0.02,0.01,3.98,0.01,3.95,95.31
mhmm,4,500,3.5,gamma_prob_bar_S4toS4_no_diag,0,0,0,0,0,NA,0,NA,100
mhmm,4,500,3.5,dwell_mu_bar_1,3.476,2.83,2.82,0.19,-0.65,18.61,-0.65,18.8,10.94
mhmm,4,500,3.5,dwell_mu_bar_2,3.476,2.72,2.71,0.19,-0.76,21.8,-0.77,22.03,2.34
mhmm,4,500,3.5,dwell_mu_bar_3,3.476,2.71,2.7,0.19,-0.76,21.98,-0.77,22.21,1.56
mhmm,4,500,3.5,dwell_mu_bar_4,3.476,2.79,2.78,0.2,-0.69,19.78,-0.7,20.01,11.72
mhmm,4,500,19.5,gamma_prob_bar_S1toS1_no_diag,0,0,0,0,0,NA,0,NA,100
mhmm,4,500,19.5,gamma_prob_bar_S1toS2_no_diag,0.333,0.34,0.34,0.02,0,0.71,0,0.62,100
mhmm,4,500,19.5,gamma_prob_bar_S1toS3_no_diag,0.333,0.33,0.33,0.02,0,0.4,0,0.48,99.22
mhmm,4,500,19.5,gamma_prob_bar_S1toS4_no_diag,0.333,0.33,0.33,0.02,0,0.31,0,0.41,100
mhmm,4,500,19.5,gamma_prob_bar_S2toS1_no_diag,0.333,0.34,0.34,0.02,0.01,2.29,0.01,2.23,96.88
mhmm,4,500,19.5,gamma_prob_bar_S2toS2_no_diag,0,0,0,0,0,NA,0,NA,100
mhmm,4,500,19.5,gamma_prob_bar_S2toS3_no_diag,0.333,0.34,0.34,0.02,0,1.05,0,0.96,98.44
mhmm,4,500,19.5,gamma_prob_bar_S2toS4_no_diag,0.333,0.32,0.32,0.02,-0.01,3.34,-0.01,3.44,96.88
mhmm,4,500,19.5,gamma_prob_bar_S3toS1_no_diag,0.333,0.33,0.33,0.02,0,0.61,0,0.68,100
mhmm,4,500,19.5,gamma_prob_bar_S3toS2_no_diag,0.333,0.34,0.34,0.02,0,0.85,0,0.77,100
mhmm,4,500,19.5,gamma_prob_bar_S3toS3_no_diag,0,0,0,0,0,NA,0,NA,100
mhmm,4,500,19.5,gamma_prob_bar_S3toS4_no_diag,0.333,0.33,0.33,0.02,0,0.24,0,0.33,100
mhmm,4,500,19.5,gamma_prob_bar_S4toS1_no_diag,0.333,0.34,0.34,0.02,0,0.83,0,0.77,98.44
mhmm,4,500,19.5,gamma_prob_bar_S4toS2_no_diag,0.333,0.33,0.33,0.02,-0.01,2.29,-0.01,2.38,100
mhmm,4,500,19.5,gamma_prob_bar_S4toS3_no_diag,0.333,0.34,0.34,0.02,0,1.46,0,1.37,99.22
mhmm,4,500,19.5,gamma_prob_bar_S4toS4_no_diag,0,0,0,0,0,NA,0,NA,100
mhmm,4,500,19.5,dwell_mu_bar_1,19.496,13.46,13.41,1.08,-6.03,30.95,-6.08,31.19,0
mhmm,4,500,19.5,dwell_mu_bar_2,19.496,13.17,13.12,1.13,-6.32,32.44,-6.38,32.7,0
mhmm,4,500,19.5,dwell_mu_bar_3,19.496,13.18,13.13,1.12,-6.32,32.41,-6.37,32.67,0
mhmm,4,500,19.5,dwell_mu_bar_4,19.496,13.37,13.33,1.14,-6.12,31.4,-6.17,31.65,0
mhmm,4,500,99.5,gamma_prob_bar_S1toS1_no_diag,0,0,0,0,0,NA,0,NA,100
mhmm,4,500,99.5,gamma_prob_bar_S1toS2_no_diag,0.333,0.34,0.34,0.03,0.01,2.08,0.01,1.91,100
mhmm,4,500,99.5,gamma_prob_bar_S1toS3_no_diag,0.333,0.33,0.33,0.03,0,1.37,-0.01,1.52,100
mhmm,4,500,99.5,gamma_prob_bar_S1toS4_no_diag,0.333,0.33,0.33,0.03,0,0.71,0,0.87,100
mhmm,4,500,99.5,gamma_prob_bar_S2toS1_no_diag,0.333,0.34,0.34,0.03,0.01,2.95,0.01,2.84,100
mhmm,4,500,99.5,gamma_prob_bar_S2toS2_no_diag,0,0,0,0,0,NA,0,NA,100
mhmm,4,500,99.5,gamma_prob_bar_S2toS3_no_diag,0.333,0.33,0.33,0.03,0,0.11,0,0.03,100
mhmm,4,500,99.5,gamma_prob_bar_S2toS4_no_diag,0.333,0.32,0.32,0.03,-0.01,3.06,-0.01,3.17,100
mhmm,4,500,99.5,gamma_prob_bar_S3toS1_no_diag,0.333,0.33,0.33,0.03,0,0.59,0,0.72,100
mhmm,4,500,99.5,gamma_prob_bar_S3toS2_no_diag,0.333,0.33,0.33,0.03,0,0.17,0,0.02,100
mhmm,4,500,99.5,gamma_prob_bar_S3toS3_no_diag,0,0,0,0,0,NA,0,NA,100
mhmm,4,500,99.5,gamma_prob_bar_S3toS4_no_diag,0.333,0.33,0.33,0.03,0,0.42,0,0.3,100
mhmm,4,500,99.5,gamma_prob_bar_S4toS1_no_diag,0.333,0.34,0.34,0.03,0,1.12,0,1.01,100
mhmm,4,500,99.5,gamma_prob_bar_S4toS2_no_diag,0.333,0.33,0.33,0.03,-0.01,2,-0.01,2.17,100
mhmm,4,500,99.5,gamma_prob_bar_S4toS3_no_diag,0.333,0.34,0.34,0.03,0,0.88,0,0.74,100
mhmm,4,500,99.5,gamma_prob_bar_S4toS4_no_diag,0,0,0,0,0,NA,0,NA,100
mhmm,4,500,99.5,dwell_mu_bar_1,99.499,19.92,19.69,3.23,-79.58,79.98,-79.8,80.21,0
mhmm,4,500,99.5,dwell_mu_bar_2,99.499,19.47,19.23,3.26,-80.03,80.44,-80.27,80.68,0
mhmm,4,500,99.5,dwell_mu_bar_3,99.499,19.37,19.12,3.29,-80.13,80.53,-80.38,80.78,0
mhmm,4,500,99.5,dwell_mu_bar_4,99.499,20.14,19.89,3.33,-79.36,79.76,-79.61,80.01,0
mhmm,4,1000,1.4,gamma_prob_bar_S1toS1_no_diag,0,0,0,0,0,NA,0,NA,100
mhmm,4,1000,1.4,gamma_prob_bar_S1toS2_no_diag,0.333,0.34,0.34,0.01,0,0.57,0,0.55,100
mhmm,4,1000,1.4,gamma_prob_bar_S1toS3_no_diag,0.333,0.33,0.33,0.02,0,0.24,0,0.28,99.22
mhmm,4,1000,1.4,gamma_prob_bar_S1toS4_no_diag,0.333,0.33,0.33,0.02,0,0.34,0,0.38,98.44
mhmm,4,1000,1.4,gamma_prob_bar_S2toS1_no_diag,0.333,0.33,0.33,0.01,0,0.3,0,0.29,100
mhmm,4,1000,1.4,gamma_prob_bar_S2toS2_no_diag,0,0,0,0,0,NA,0,NA,100
mhmm,4,1000,1.4,gamma_prob_bar_S2toS3_no_diag,0.333,0.34,0.34,0.01,0,0.77,0,0.75,100
mhmm,4,1000,1.4,gamma_prob_bar_S2toS4_no_diag,0.333,0.33,0.33,0.01,0,1.07,0,1.12,98.44
mhmm,4,1000,1.4,gamma_prob_bar_S3toS1_no_diag,0.333,0.33,0.33,0.01,0,1,0,1.01,97.66
mhmm,4,1000,1.4,gamma_prob_bar_S3toS2_no_diag,0.333,0.33,0.33,0.02,0,0.02,0,0.06,98.44
mhmm,4,1000,1.4,gamma_prob_bar_S3toS3_no_diag,0,0,0,0,0,NA,0,NA,100
mhmm,4,1000,1.4,gamma_prob_bar_S3toS4_no_diag,0.333,0.34,0.34,0.01,0,1.02,0,0.98,98.44
mhmm,4,1000,1.4,gamma_prob_bar_S4toS1_no_diag,0.333,0.33,0.33,0.01,0,0.36,0,0.37,96.88
mhmm,4,1000,1.4,gamma_prob_bar_S4toS2_no_diag,0.333,0.33,0.33,0.01,0,0,0,0.05,97.66
mhmm,4,1000,1.4,gamma_prob_bar_S4toS3_no_diag,0.333,0.33,0.33,0.01,0,0.36,0,0.33,97.66
mhmm,4,1000,1.4,gamma_prob_bar_S4toS4_no_diag,0,0,0,0,0,NA,0,NA,100
mhmm,4,1000,1.4,dwell_mu_bar_1,1.443,0.86,0.85,0.06,-0.59,40.59,-0.59,40.79,0
mhmm,4,1000,1.4,dwell_mu_bar_2,1.443,0.84,0.84,0.06,-0.6,41.76,-0.61,41.97,0
mhmm,4,1000,1.4,dwell_mu_bar_3,1.443,0.85,0.85,0.06,-0.59,41.14,-0.6,41.35,0
mhmm,4,1000,1.4,dwell_mu_bar_4,1.443,0.86,0.85,0.06,-0.59,40.59,-0.59,40.81,0
mhmm,4,1000,3.5,gamma_prob_bar_S1toS1_no_diag,0,0,0,0,0,NA,0,NA,100
mhmm,4,1000,3.5,gamma_prob_bar_S1toS2_no_diag,0.333,0.35,0.35,0.01,0.01,3.82,0.01,3.77,94.53
mhmm,4,1000,3.5,gamma_prob_bar_S1toS3_no_diag,0.333,0.33,0.33,0.02,-0.01,2.18,-0.01,2.22,99.22
mhmm,4,1000,3.5,gamma_prob_bar_S1toS4_no_diag,0.333,0.33,0.33,0.02,-0.01,1.64,-0.01,1.68,97.66
mhmm,4,1000,3.5,gamma_prob_bar_S2toS1_no_diag,0.333,0.34,0.34,0.01,0.01,1.98,0.01,1.97,95.31
mhmm,4,1000,3.5,gamma_prob_bar_S2toS2_no_diag,0,0,0,0,0,NA,0,NA,100
mhmm,4,1000,3.5,gamma_prob_bar_S2toS3_no_diag,0.333,0.34,0.34,0.02,0.01,2.5,0.01,2.45,94.53
mhmm,4,1000,3.5,gamma_prob_bar_S2toS4_no_diag,0.333,0.32,0.32,0.02,-0.01,4.49,-0.02,4.53,89.84
mhmm,4,1000,3.5,gamma_prob_bar_S3toS1_no_diag,0.333,0.32,0.32,0.01,-0.01,3.28,-0.01,3.29,89.06
mhmm,4,1000,3.5,gamma_prob_bar_S3toS2_no_diag,0.333,0.34,0.34,0.02,0.01,1.52,0,1.48,97.66
mhmm,4,1000,3.5,gamma_prob_bar_S3toS3_no_diag,0,0,0,0,0,NA,0,NA,100
mhmm,4,1000,3.5,gamma_prob_bar_S3toS4_no_diag,0.333,0.34,0.34,0.02,0.01,1.76,0.01,1.71,95.31
mhmm,4,1000,3.5,gamma_prob_bar_S4toS1_no_diag,0.333,0.33,0.33,0.01,0,0.99,0,1.01,96.09
mhmm,4,1000,3.5,gamma_prob_bar_S4toS2_no_diag,0.333,0.33,0.33,0.02,-0.01,1.61,-0.01,1.65,92.97
mhmm,4,1000,3.5,gamma_prob_bar_S4toS3_no_diag,0.333,0.34,0.34,0.02,0.01,2.6,0.01,2.56,93.75
mhmm,4,1000,3.5,gamma_prob_bar_S4toS4_no_diag,0,0,0,0,0,NA,0,NA,100
mhmm,4,1000,3.5,dwell_mu_bar_1,3.476,2.85,2.84,0.19,-0.63,18.1,-0.64,18.3,11.72
mhmm,4,1000,3.5,dwell_mu_bar_2,3.476,2.78,2.77,0.2,-0.7,20.11,-0.71,20.33,9.38
mhmm,4,1000,3.5,dwell_mu_bar_3,3.476,2.79,2.79,0.2,-0.68,19.61,-0.69,19.85,10.16
mhmm,4,1000,3.5,dwell_mu_bar_4,3.476,2.85,2.85,0.2,-0.62,17.88,-0.63,18.11,15.62
mhmm,4,1000,19.5,gamma_prob_bar_S1toS1_no_diag,0,0,0,0,0,NA,0,NA,100
mhmm,4,1000,19.5,gamma_prob_bar_S1toS2_no_diag,0.333,0.34,0.34,0.02,0.01,1.83,0.01,1.75,100
mhmm,4,1000,19.5,gamma_prob_bar_S1toS3_no_diag,0.333,0.33,0.33,0.02,-0.01,1.5,-0.01,1.58,98.44
mhmm,4,1000,19.5,gamma_prob_bar_S1toS4_no_diag,0.333,0.33,0.33,0.02,0,0.33,0,0.41,99.22
mhmm,4,1000,19.5,gamma_prob_bar_S2toS1_no_diag,0.333,0.34,0.34,0.02,0.01,2.36,0.01,2.33,95.31
mhmm,4,1000,19.5,gamma_prob_bar_S2toS2_no_diag,0,0,0,0,0,NA,0,NA,100
mhmm,4,1000,19.5,gamma_prob_bar_S2toS3_no_diag,0.333,0.33,0.33,0.02,0,0.27,0,0.21,97.66
mhmm,4,1000,19.5,gamma_prob_bar_S2toS4_no_diag,0.333,0.32,0.32,0.02,-0.01,2.63,-0.01,2.7,95.31
mhmm,4,1000,19.5,gamma_prob_bar_S3toS1_no_diag,0.333,0.33,0.33,0.02,-0.01,2.28,-0.01,2.34,96.09
mhmm,4,1000,19.5,gamma_prob_bar_S3toS2_no_diag,0.333,0.34,0.34,0.02,0,1.17,0,1.12,98.44
mhmm,4,1000,19.5,gamma_prob_bar_S3toS3_no_diag,0,0,0,0,0,NA,0,NA,100
mhmm,4,1000,19.5,gamma_prob_bar_S3toS4_no_diag,0.333,0.34,0.34,0.02,0,1.12,0,1.06,100
mhmm,4,1000,19.5,gamma_prob_bar_S4toS1_no_diag,0.333,0.33,0.33,0.02,0,0.11,0,0.14,98.44
mhmm,4,1000,19.5,gamma_prob_bar_S4toS2_no_diag,0.333,0.33,0.33,0.02,0,1.31,0,1.37,100
mhmm,4,1000,19.5,gamma_prob_bar_S4toS3_no_diag,0.333,0.34,0.34,0.02,0,1.41,0,1.33,100
mhmm,4,1000,19.5,gamma_prob_bar_S4toS4_no_diag,0,0,0,0,0,NA,0,NA,100
mhmm,4,1000,19.5,dwell_mu_bar_1,19.496,16,15.94,1.22,-3.5,17.95,-3.55,18.22,14.84
mhmm,4,1000,19.5,dwell_mu_bar_2,19.496,15.69,15.64,1.29,-3.8,19.5,-3.86,19.79,13.28
mhmm,4,1000,19.5,dwell_mu_bar_3,19.496,15.69,15.63,1.29,-3.81,19.54,-3.87,19.84,10.94
mhmm,4,1000,19.5,dwell_mu_bar_4,19.496,15.88,15.82,1.3,-3.62,18.55,-3.67,18.84,20.31
mhmm,4,1000,99.5,gamma_prob_bar_S1toS1_no_diag,0,0,0,0,0,NA,0,NA,100
mhmm,4,1000,99.5,gamma_prob_bar_S1toS2_no_diag,0.333,0.34,0.34,0.03,0,0.68,0,0.59,100
mhmm,4,1000,99.5,gamma_prob_bar_S1toS3_no_diag,0.333,0.33,0.33,0.03,0,0.4,0,0.54,100
mhmm,4,1000,99.5,gamma_prob_bar_S1toS4_no_diag,0.333,0.33,0.33,0.03,0,0.28,0,0.42,100
mhmm,4,1000,99.5,gamma_prob_bar_S2toS1_no_diag,0.333,0.34,0.34,0.03,0.01,3.48,0.01,3.37,100
mhmm,4,1000,99.5,gamma_prob_bar_S2toS2_no_diag,0,0,0,0,0,NA,0,NA,100
mhmm,4,1000,99.5,gamma_prob_bar_S2toS3_no_diag,0.333,0.33,0.33,0.03,0,1.12,0,1.24,100
mhmm,4,1000,99.5,gamma_prob_bar_S2toS4_no_diag,0.333,0.33,0.32,0.03,-0.01,2.36,-0.01,2.5,100
mhmm,4,1000,99.5,gamma_prob_bar_S3toS1_no_diag,0.333,0.34,0.34,0.03,0,0.94,0,0.83,100
mhmm,4,1000,99.5,gamma_prob_bar_S3toS2_no_diag,0.333,0.33,0.33,0.03,0,0.47,0,0.31,100
mhmm,4,1000,99.5,gamma_prob_bar_S3toS3_no_diag,0,0,0,0,0,NA,0,NA,100
mhmm,4,1000,99.5,gamma_prob_bar_S3toS4_no_diag,0.333,0.33,0.33,0.03,0,1.41,-0.01,1.55,100
mhmm,4,1000,99.5,gamma_prob_bar_S4toS1_no_diag,0.333,0.34,0.34,0.03,0.01,1.53,0,1.46,99.22
mhmm,4,1000,99.5,gamma_prob_bar_S4toS2_no_diag,0.333,0.33,0.33,0.03,-0.01,1.62,-0.01,1.75,100
mhmm,4,1000,99.5,gamma_prob_bar_S4toS3_no_diag,0.333,0.33,0.33,0.03,0,0.09,0,0.04,99.22
mhmm,4,1000,99.5,gamma_prob_bar_S4toS4_no_diag,0,0,0,0,0,NA,0,NA,100
mhmm,4,1000,99.5,dwell_mu_bar_1,99.499,41.99,41.73,4.67,-57.51,57.8,-57.77,58.06,0
mhmm,4,1000,99.5,dwell_mu_bar_2,99.499,41.09,40.83,4.75,-58.41,58.7,-58.67,58.97,0
mhmm,4,1000,99.5,dwell_mu_bar_3,99.499,41.16,40.89,4.78,-58.34,58.64,-58.61,58.91,0
mhmm,4,1000,99.5,dwell_mu_bar_4,99.499,41.49,41.24,4.85,-58,58.3,-58.26,58.56,0
mhmm,3,500,mix,gamma_prob_bar_S1toS1_no_diag,0,0,0,0,0,NA,0,NA,100
mhmm,3,500,mix,gamma_prob_bar_S1toS2_no_diag,0.5,0.51,0.51,0.03,0.01,2.13,0.01,2.15,99.22
mhmm,3,500,mix,gamma_prob_bar_S1toS3_no_diag,0.5,0.49,0.49,0.03,-0.01,2.13,-0.01,2.15,99.22
mhmm,3,500,mix,gamma_prob_bar_S2toS1_no_diag,0.5,0.51,0.51,0.03,0.01,2.23,0.01,2.27,97.66
mhmm,3,500,mix,gamma_prob_bar_S2toS2_no_diag,0,0,0,0,0,NA,0,NA,100
mhmm,3,500,mix,gamma_prob_bar_S2toS3_no_diag,0.5,0.49,0.49,0.03,-0.01,2.23,-0.01,2.27,97.66
mhmm,3,500,mix,gamma_prob_bar_S3toS1_no_diag,0.5,0.5,0.5,0.03,0,0.12,0,0.1,99.22
mhmm,3,500,mix,gamma_prob_bar_S3toS2_no_diag,0.5,0.5,0.5,0.03,0,0.12,0,0.1,99.22
mhmm,3,500,mix,gamma_prob_bar_S3toS3_no_diag,0,0,0,0,0,NA,0,NA,100
mhmm,3,500,mix,dwell_mu_bar_1,3.476,2.37,2.36,0.16,-1.11,31.91,-1.11,32.08,0
mhmm,3,500,mix,dwell_mu_bar_2,19.496,12.73,12.67,1.14,-6.77,34.71,-6.82,34.99,0
mhmm,3,500,mix,dwell_mu_bar_3,99.499,69.69,69.3,6.89,-29.81,29.96,-30.2,30.35,0
